"key","XGB_pred_testQ4"
1,5
2,8
3,3
4,5
5,8
6,3
7,3
8,5
9,3
10,3
11,5
12,3
13,8
14,3
15,5
16,5
17,3
18,5
19,5
20,5
21,5
22,5
23,5
24,8
25,5
26,5
27,8
28,5
29,5
30,8
31,5
32,8
33,3
34,8
35,8
36,8
37,5
38,5
39,8
40,3
41,3
42,8
43,3
44,5
45,8
46,5
47,5
48,8
49,5
50,8
51,5
52,5
53,3
54,5
55,8
56,8
57,5
58,8
59,8
60,5
61,8
62,8
63,5
64,3
65,5
66,5
67,5
68,5
69,8
70,8
71,5
72,5
73,5
74,8
75,8
76,3
77,8
78,5
79,5
80,8
81,5
82,8
83,5
84,5
85,8
86,5
87,8
88,8
89,3
90,5
91,8
92,5
93,8
94,5
95,5
96,5
97,8
98,5
99,5
100,5
101,5
102,8
103,8
104,5
105,5
106,8
107,8
108,8
109,5
110,5
111,5
112,5
113,5
114,5
115,8
116,5
117,3
118,8
119,5
120,5
121,8
122,5
123,8
124,3
125,3
126,5
127,5
128,8
129,8
130,5
131,8
132,5
133,5
134,3
135,5
136,5
137,3
138,5
139,5
140,8
141,3
142,8
143,5
144,8
145,5
146,8
147,5
148,5
149,5
150,8
151,3
152,5
153,5
154,8
155,5
156,8
157,5
158,5
159,3
160,8
161,3
162,5
163,5
164,5
165,5
166,5
167,5
168,3
169,5
170,8
171,8
172,3
173,8
174,5
175,8
176,5
177,8
178,5
179,5
180,8
181,3
182,5
183,5
184,8
185,8
186,5
187,5
188,5
189,5
190,8
191,8
192,5
193,5
194,8
195,5
196,5
197,5
198,5
199,5
200,3
201,8
202,8
203,8
204,8
205,5
206,3
207,5
208,5
209,8
210,8
211,8
212,8
213,8
214,8
215,8
216,5
217,5
218,5
219,5
220,5
221,3
222,8
223,5
224,5
225,8
226,8
227,5
228,5
229,8
230,5
231,5
232,5
233,5
234,5
235,5
236,5
237,5
238,5
239,5
240,5
241,8
242,8
243,8
244,5
245,3
246,5
247,5
248,5
249,8
250,8
251,8
252,5
253,8
254,8
255,5
256,5
257,8
258,8
259,5
260,3
261,5
262,5
263,5
264,5
265,5
266,8
267,8
268,8
269,8
270,5
271,5
272,5
273,8
274,8
275,5
276,5
277,5
278,8
279,8
280,5
281,3
282,5
283,8
284,5
285,5
286,3
287,8
288,5
289,8
290,5
291,5
292,5
293,8
294,5
295,8
296,3
297,8
298,5
299,3
300,8
301,5
302,8
303,8
304,8
305,5
306,5
307,5
308,3
309,8
310,5
311,8
312,5
313,5
314,8
315,5
316,8
317,5
318,5
319,5
320,8
321,5
322,5
323,3
324,5
325,8
326,5
327,8
328,5
329,5
330,5
331,5
332,5
333,8
334,8
335,5
336,5
337,3
338,5
339,5
340,3
341,5
342,5
343,8
344,5
345,8
346,3
347,5
348,5
349,5
350,5
351,5
352,8
353,5
354,5
355,8
356,5
357,8
358,5
359,5
360,5
361,5
362,8
363,5
364,8
365,8
366,5
367,8
368,3
369,5
370,5
371,8
372,5
373,8
374,8
375,5
376,8
377,8
378,5
379,5
380,5
381,5
382,8
383,5
384,5
385,5
386,5
387,5
388,8
389,5
390,5
391,5
392,5
393,5
394,3
395,8
396,8
397,8
398,8
399,5
400,8
401,5
402,5
403,8
404,5
405,5
406,5
407,5
408,5
409,5
410,5
411,5
412,5
413,5
414,3
415,5
416,8
417,5
418,5
419,3
420,3
421,5
422,5
423,8
424,5
425,5
426,3
427,5
428,8
429,8
430,5
431,5
432,8
433,5
434,5
435,5
436,5
437,8
438,5
439,5
440,5
441,3
442,5
443,5
444,8
445,5
446,8
447,5
448,5
449,5
450,5
451,8
452,5
453,5
454,5
455,5
456,8
457,5
458,5
459,5
460,5
461,8
462,8
463,5
464,8
465,5
466,8
467,8
468,8
469,5
470,5
471,5
472,5
473,8
474,5
475,8
476,5
477,8
478,5
479,8
480,5
481,5
482,8
483,5
484,3
485,5
486,5
487,8
488,8
489,3
490,3
491,5
492,3
493,5
494,3
495,5
496,3
497,5
498,5
499,5
500,8
501,5
502,5
503,5
504,8
505,5
506,5
507,5
508,5
509,8
510,8
511,5
512,3
513,8
514,5
515,5
516,3
517,5
518,5
519,5
520,5
521,5
522,5
523,5
524,5
525,8
526,5
527,5
528,8
529,5
530,5
531,5
532,8
533,5
534,8
535,8
536,8
537,3
538,5
539,5
540,5
541,8
542,5
543,5
544,3
545,5
546,8
547,5
548,5
549,5
550,5
551,5
552,8
553,5
554,5
555,5
556,5
557,8
558,5
559,8
560,5
561,3
562,3
563,5
564,5
565,5
566,8
567,5
568,5
569,5
570,3
571,5
572,5
573,8
574,5
575,5
576,8
577,8
578,5
579,5
580,5
581,8
582,5
583,8
584,8
585,5
586,8
587,5
588,5
589,5
590,5
591,3
592,5
593,5
594,8
595,3
596,5
597,5
598,3
599,5
600,8
601,5
602,8
603,5
604,5
605,3
606,8
607,5
608,5
609,8
610,8
611,8
612,5
613,3
614,3
615,5
616,5
617,8
618,5
619,5
620,5
621,8
622,3
623,8
624,5
625,5
626,3
627,5
628,5
629,5
630,8
631,8
632,5
633,5
634,5
635,8
636,5
637,5
638,8
639,5
640,5
641,5
642,5
643,8
644,8
645,5
646,5
647,3
648,5
649,3
650,5
651,5
652,5
653,8
654,3
655,5
656,8
657,5
658,5
659,5
660,5
661,8
662,5
663,5
664,5
665,5
666,8
667,5
668,5
669,5
670,5
671,3
672,8
673,5
674,8
675,8
676,5
677,8
678,5
679,8
680,5
681,5
682,5
683,8
684,5
685,3
686,5
687,5
688,3
689,3
690,3
691,8
692,5
693,8
694,8
695,5
696,3
697,5
698,3
699,3
700,8
701,8
702,3
703,8
704,5
705,8
706,5
707,5
708,5
709,8
710,5
711,5
712,3
713,3
714,8
715,5
716,3
717,5
718,8
719,8
720,5
721,8
722,5
723,5
724,8
725,3
726,5
727,5
728,5
729,5
730,5
731,3
732,8
733,5
734,5
735,5
736,5
737,5
738,5
739,8
740,8
741,3
742,8
743,5
744,5
745,8
746,8
747,8
748,5
749,8
750,3
751,5
752,8
753,5
754,8
755,8
756,3
757,5
758,5
759,5
760,8
761,3
762,5
763,8
764,5
765,8
766,5
767,5
768,5
769,3
770,5
771,5
772,5
773,8
774,5
775,3
776,8
777,3
778,5
779,5
780,5
781,5
782,5
783,3
784,8
785,5
786,3
787,5
788,8
789,8
790,8
791,5
792,8
793,8
794,5
795,8
796,5
797,5
798,8
799,8
800,3
801,5
802,5
803,8
804,5
805,3
806,8
807,8
808,5
809,3
810,5
811,5
812,5
813,5
814,5
815,5
816,8
817,8
818,5
819,5
820,3
821,5
822,5
823,3
824,5
825,5
826,5
827,5
828,5
829,8
830,8
831,5
832,3
833,5
834,5
835,5
836,8
837,5
838,3
839,5
840,5
841,5
842,8
843,5
844,8
845,5
846,5
847,5
848,8
849,8
850,5
851,3
852,8
853,5
854,8
855,5
856,8
857,5
858,3
859,5
860,3
861,8
862,5
863,8
864,8
865,5
866,8
867,8
868,5
869,5
870,5
871,5
872,8
873,8
874,5
875,5
876,8
877,8
878,5
879,5
880,5
881,8
882,5
883,3
884,3
885,3
886,8
887,3
888,3
889,5
890,3
891,5
892,5
893,5
894,5
895,5
896,3
897,5
898,5
899,8
900,5
901,5
902,5
903,5
904,5
905,8
906,5
907,8
908,5
909,5
910,3
911,5
912,5
913,5
914,3
915,5
916,5
917,8
918,8
919,5
920,8
921,8
922,5
923,8
924,5
925,5
926,3
927,5
928,8
929,8
930,5
931,5
932,8
933,8
934,8
935,5
936,5
937,5
938,5
939,5
940,5
941,5
942,5
943,5
944,5
945,8
946,5
947,5
948,8
949,5
950,5
951,8
952,5
953,5
954,8
955,5
956,5
957,5
958,5
959,3
960,5
961,5
962,5
963,5
964,8
965,8
966,8
967,5
968,5
969,8
970,5
971,5
972,5
973,8
974,5
975,5
976,8
977,5
978,5
979,3
980,5
981,5
982,5
983,3
984,3
985,5
986,8
987,8
988,5
989,5
990,3
991,5
992,3
993,3
994,8
995,8
996,8
997,5
998,8
999,8
1000,5
1001,8
1002,8
1003,3
1004,3
1005,3
1006,8
1007,8
1008,3
1009,8
1010,5
1011,8
1012,8
1013,8
1014,8
1015,8
1016,8
1017,8
1018,8
1019,8
1020,8
1021,8
1022,8
1023,8
1024,3
1025,8
1026,3
1027,8
1028,8
1029,8
1030,3
1031,8
1032,8
1033,8
1034,8
1035,8
1036,8
1037,8
1038,8
1039,8
1040,8
1041,3
1042,8
1043,8
1044,8
1045,8
1046,8
1047,8
1048,8
1049,8
1050,8
1051,3
1052,3
1053,8
1054,8
1055,3
1056,8
1057,8
1058,8
1059,8
1060,8
1061,3
1062,8
1063,8
1064,8
1065,8
1066,8
1067,8
1068,3
1069,8
1070,8
1071,3
1072,8
1073,8
1074,3
1075,8
1076,3
1077,8
1078,8
1079,3
1080,5
1081,3
1082,8
1083,8
1084,8
1085,8
1086,8
1087,8
1088,8
1089,3
1090,8
1091,3
1092,8
1093,8
1094,8
1095,8
1096,8
1097,8
1098,8
1099,8
1100,8
1101,3
1102,8
1103,8
1104,3
1105,8
1106,8
1107,8
1108,8
1109,8
1110,8
1111,8
1112,8
1113,3
1114,8
1115,8
1116,3
1117,8
1118,8
1119,5
1120,8
1121,3
1122,3
1123,8
1124,8
1125,8
1126,8
1127,8
1128,8
1129,8
1130,8
1131,8
1132,3
1133,3
1134,8
1135,8
1136,8
1137,8
1138,3
1139,8
1140,8
1141,8
1142,8
1143,8
1144,8
1145,8
1146,3
1147,8
1148,8
1149,8
1150,8
1151,8
1152,8
1153,8
1154,3
1155,8
1156,5
1157,8
1158,8
1159,3
1160,8
1161,8
1162,3
1163,8
1164,8
1165,8
1166,8
1167,3
1168,3
1169,3
1170,8
1171,3
1172,8
1173,8
1174,8
1175,3
1176,3
1177,8
1178,8
1179,3
1180,8
1181,8
1182,8
1183,8
1184,3
1185,8
1186,8
1187,3
1188,8
1189,8
1190,8
1191,8
1192,3
1193,8
1194,3
1195,8
1196,3
1197,8
1198,3
1199,8
1200,8
1201,8
1202,8
1203,8
1204,3
1205,8
1206,8
1207,3
1208,8
1209,8
1210,3
1211,8
1212,3
1213,8
1214,8
1215,8
1216,8
1217,8
1218,8
1219,8
1220,5
1221,3
1222,3
1223,8
1224,8
1225,8
1226,3
1227,3
1228,3
1229,8
1230,3
1231,8
1232,3
1233,8
1234,3
1235,8
1236,8
1237,8
1238,8
1239,8
1240,3
1241,3
1242,8
1243,8
1244,8
1245,3
1246,3
1247,3
1248,3
1249,3
1250,8
1251,8
1252,8
1253,8
1254,8
1255,8
1256,8
1257,8
1258,8
1259,3
1260,8
1261,8
1262,8
1263,8
1264,8
1265,8
1266,8
1267,8
1268,8
1269,8
1270,3
1271,8
1272,8
1273,8
1274,8
1275,8
1276,3
1277,8
1278,3
1279,3
1280,8
1281,8
1282,8
1283,8
1284,3
1285,8
1286,8
1287,8
1288,8
1289,3
1290,8
1291,8
1292,8
1293,8
1294,3
1295,3
1296,3
1297,8
1298,3
1299,3
1300,3
1301,8
1302,3
1303,3
1304,3
1305,3
1306,8
1307,8
1308,8
1309,8
1310,8
1311,8
1312,3
1313,3
1314,8
1315,8
1316,8
1317,3
1318,8
1319,8
1320,8
1321,8
1322,3
1323,8
1324,8
1325,8
1326,3
1327,8
1328,8
1329,8
1330,8
1331,8
1332,8
1333,8
1334,3
1335,8
1336,8
1337,8
1338,8
1339,5
1340,8
1341,8
1342,8
1343,3
1344,8
1345,3
1346,8
1347,5
1348,8
1349,3
1350,5
1351,3
1352,8
1353,3
1354,8
1355,8
1356,8
1357,3
1358,8
1359,5
1360,8
1361,8
1362,3
1363,8
1364,8
1365,8
1366,8
1367,8
1368,3
1369,8
1370,3
1371,8
1372,8
1373,8
1374,8
1375,8
1376,5
1377,8
1378,8
1379,8
1380,8
1381,8
1382,8
1383,8
1384,8
1385,8
1386,8
1387,8
1388,3
1389,8
1390,8
1391,3
1392,8
1393,3
1394,8
1395,8
1396,8
1397,8
1398,3
1399,8
1400,8
1401,8
1402,8
1403,8
1404,8
1405,8
1406,8
1407,8
1408,8
1409,8
1410,3
1411,8
1412,8
1413,8
1414,8
1415,8
1416,8
1417,8
1418,8
1419,8
1420,8
1421,8
1422,8
1423,8
1424,8
1425,8
1426,8
1427,3
1428,8
1429,3
1430,8
1431,8
1432,8
1433,8
1434,8
1435,8
1436,8
1437,8
1438,8
1439,8
1440,8
1441,8
1442,8
1443,8
1444,3
1445,8
1446,8
1447,8
1448,8
1449,8
1450,8
1451,3
1452,8
1453,8
1454,8
1455,8
1456,8
1457,8
1458,8
1459,3
1460,8
1461,8
1462,8
1463,8
1464,8
1465,8
1466,8
1467,3
1468,8
1469,8
1470,8
1471,3
1472,8
1473,8
1474,8
1475,8
1476,8
1477,8
1478,8
1479,8
1480,8
1481,8
1482,8
1483,8
1484,8
1485,3
1486,8
1487,3
1488,8
1489,3
1490,8
1491,8
1492,8
1493,8
1494,8
1495,8
1496,8
1497,8
1498,8
1499,8
1500,8
1501,3
1502,3
1503,8
1504,8
1505,3
1506,3
1507,8
1508,8
1509,8
1510,8
1511,8
1512,8
1513,8
1514,8
1515,8
1516,8
1517,8
1518,3
1519,8
1520,8
1521,8
1522,8
1523,8
1524,8
1525,3
1526,8
1527,8
1528,8
1529,8
1530,8
1531,8
1532,8
1533,3
1534,8
1535,8
1536,8
1537,8
1538,8
1539,8
1540,8
1541,8
1542,8
1543,8
1544,8
1545,8
1546,8
1547,8
1548,3
1549,3
1550,8
1551,3
1552,8
1553,8
1554,3
1555,8
1556,8
1557,8
1558,8
1559,3
1560,8
1561,8
1562,8
1563,8
1564,8
1565,8
1566,8
1567,8
1568,8
1569,8
1570,3
1571,8
1572,8
1573,3
1574,3
1575,8
1576,8
1577,8
1578,8
1579,8
1580,3
1581,8
1582,8
1583,8
1584,8
1585,8
1586,8
1587,8
1588,8
1589,8
1590,8
1591,3
1592,3
1593,8
1594,8
1595,8
1596,8
1597,8
1598,8
1599,8
1600,8
1601,8
1602,8
1603,8
1604,8
1605,3
1606,8
1607,8
1608,3
1609,8
1610,8
1611,8
1612,3
1613,8
1614,8
1615,8
1616,8
1617,8
1618,8
1619,8
1620,8
1621,8
1622,8
1623,5
1624,8
1625,8
1626,8
1627,8
1628,8
1629,8
1630,8
1631,8
1632,8
1633,8
1634,8
1635,8
1636,8
1637,8
1638,8
1639,8
1640,8
1641,3
1642,8
1643,8
1644,8
1645,5
1646,8
1647,3
1648,3
1649,8
1650,8
1651,8
1652,5
1653,8
1654,8
1655,8
1656,8
1657,3
1658,8
1659,8
1660,8
1661,8
1662,3
1663,3
1664,8
1665,8
1666,8
1667,8
1668,3
1669,8
1670,8
1671,8
1672,8
1673,8
1674,3
1675,8
1676,3
1677,3
1678,8
1679,8
1680,8
1681,8
1682,8
1683,3
1684,8
1685,8
1686,3
1687,8
1688,8
1689,8
1690,8
1691,8
1692,8
1693,8
1694,8
1695,3
1696,8
1697,8
1698,3
1699,8
1700,8
1701,8
1702,8
1703,8
1704,8
1705,8
1706,3
1707,8
1708,8
1709,8
1710,3
1711,8
1712,8
1713,8
1714,8
1715,3
1716,8
1717,3
1718,3
1719,8
1720,3
1721,8
1722,8
1723,8
1724,8
1725,8
1726,8
1727,8
1728,8
1729,8
1730,8
1731,8
1732,8
1733,8
1734,8
1735,3
1736,3
1737,3
1738,8
1739,8
1740,3
1741,5
1742,3
1743,8
1744,8
1745,8
1746,8
1747,8
1748,3
1749,8
1750,8
1751,8
1752,3
1753,8
1754,3
1755,8
1756,8
1757,3
1758,8
1759,3
1760,8
1761,8
1762,3
1763,8
1764,8
1765,8
1766,8
1767,8
1768,3
1769,8
1770,3
1771,8
1772,8
1773,8
1774,8
1775,8
1776,3
1777,8
1778,8
1779,8
1780,8
1781,8
1782,8
1783,8
1784,8
1785,8
1786,8
1787,8
1788,8
1789,8
1790,3
1791,8
1792,8
1793,8
1794,8
1795,8
1796,8
1797,8
1798,8
1799,3
1800,8
1801,8
1802,8
1803,8
1804,8
1805,8
1806,8
1807,3
1808,8
1809,8
1810,8
1811,5
1812,3
1813,3
1814,8
1815,8
1816,3
1817,3
1818,8
1819,8
1820,8
1821,8
1822,8
1823,8
1824,8
1825,8
1826,3
1827,8
1828,8
1829,8
1830,8
1831,8
1832,8
1833,3
1834,8
1835,8
1836,8
1837,3
1838,8
1839,8
1840,8
1841,8
1842,8
1843,8
1844,8
1845,8
1846,3
1847,8
1848,3
1849,8
1850,8
1851,5
1852,8
1853,8
1854,8
1855,8
1856,3
1857,8
1858,8
1859,8
1860,5
1861,8
1862,3
1863,8
1864,8
1865,8
1866,8
1867,8
1868,3
1869,8
1870,8
1871,8
1872,3
1873,8
1874,8
1875,8
1876,3
1877,8
1878,8
1879,8
1880,5
1881,3
1882,8
1883,8
1884,8
1885,8
1886,8
1887,8
1888,3
1889,8
1890,8
1891,8
1892,8
1893,8
1894,8
1895,8
1896,8
1897,8
1898,3
1899,8
1900,3
1901,8
1902,8
1903,8
1904,8
1905,8
1906,8
1907,8
1908,8
1909,3
1910,3
1911,8
1912,3
1913,8
1914,8
1915,8
1916,8
1917,8
1918,8
1919,8
1920,8
1921,8
1922,8
1923,8
1924,8
1925,8
1926,3
1927,8
1928,3
1929,8
1930,8
1931,3
1932,8
1933,8
1934,8
1935,3
1936,8
1937,8
1938,8
1939,8
1940,8
1941,8
1942,8
1943,8
1944,8
1945,3
1946,8
1947,8
1948,8
1949,3
1950,8
1951,3
1952,8
1953,8
1954,8
1955,8
1956,8
1957,8
1958,8
1959,8
1960,3
1961,8
1962,8
1963,8
1964,8
1965,3
1966,8
1967,8
1968,3
1969,8
1970,8
1971,8
1972,8
1973,8
1974,8
1975,3
1976,8
1977,8
1978,3
1979,8
1980,8
1981,3
1982,8
1983,3
1984,3
1985,8
1986,8
1987,8
1988,8
1989,3
1990,8
1991,8
1992,8
1993,8
1994,3
1995,8
1996,3
1997,8
1998,3
1999,8
2000,3
2001,8
2002,3
2003,8
2004,3
2005,3
2006,3
2007,8
2008,8
2009,3
2010,3
2011,3
2012,8
2013,3
2014,3
2015,8
2016,3
2017,3
2018,8
2019,8
2020,8
2021,8
2022,3
2023,8
2024,3
2025,3
2026,3
2027,8
2028,3
2029,8
2030,8
2031,5
2032,8
2033,3
2034,8
2035,3
2036,3
2037,8
2038,3
2039,3
2040,3
2041,8
2042,3
2043,8
2044,8
2045,3
2046,3
2047,8
2048,3
2049,8
2050,3
2051,3
2052,8
2053,8
2054,8
2055,3
2056,3
2057,8
2058,3
2059,3
2060,8
2061,8
2062,8
2063,3
2064,3
2065,3
2066,3
2067,8
2068,8
2069,3
2070,3
2071,3
2072,3
2073,8
2074,3
2075,3
2076,8
2077,3
2078,3
2079,3
2080,8
2081,8
2082,3
2083,3
2084,3
2085,3
2086,8
2087,8
2088,3
2089,3
2090,3
2091,8
2092,8
2093,3
2094,3
2095,8
2096,3
2097,3
2098,3
2099,8
2100,8
2101,3
2102,8
2103,8
2104,8
2105,3
2106,8
2107,3
2108,8
2109,3
2110,8
2111,3
2112,8
2113,8
2114,8
2115,3
2116,5
2117,3
2118,3
2119,8
2120,3
2121,8
2122,8
2123,3
2124,3
2125,8
2126,3
2127,3
2128,3
2129,3
2130,3
2131,8
2132,8
2133,3
2134,3
2135,8
2136,3
2137,3
2138,3
2139,8
2140,8
2141,3
2142,3
2143,3
2144,8
2145,3
2146,3
2147,3
2148,3
2149,8
2150,3
2151,8
2152,3
2153,3
2154,8
2155,3
2156,8
2157,8
2158,3
2159,8
2160,3
2161,3
2162,8
2163,3
2164,3
2165,3
2166,3
2167,8
2168,3
2169,3
2170,8
2171,3
2172,8
2173,3
2174,3
2175,3
2176,3
2177,3
2178,8
2179,8
2180,3
2181,3
2182,8
2183,3
2184,3
2185,3
2186,3
2187,3
2188,8
2189,3
2190,3
2191,8
2192,8
2193,8
2194,3
2195,3
2196,3
2197,8
2198,8
2199,3
2200,3
2201,8
2202,8
2203,3
2204,3
2205,8
2206,3
2207,3
2208,8
2209,8
2210,3
2211,3
2212,8
2213,8
2214,3
2215,8
2216,3
2217,3
2218,8
2219,3
2220,8
2221,8
2222,3
2223,3
2224,3
2225,8
2226,8
2227,3
2228,8
2229,3
2230,8
2231,3
2232,3
2233,3
2234,3
2235,3
2236,8
2237,8
2238,3
2239,3
2240,3
2241,8
2242,8
2243,8
2244,3
2245,3
2246,3
2247,8
2248,8
2249,3
2250,3
2251,3
2252,3
2253,8
2254,8
2255,3
2256,8
2257,3
2258,3
2259,8
2260,3
2261,3
2262,3
2263,8
2264,3
2265,3
2266,8
2267,3
2268,3
2269,8
2270,3
2271,3
2272,3
2273,3
2274,8
2275,3
2276,3
2277,8
2278,3
2279,3
2280,8
2281,8
2282,3
2283,3
2284,8
2285,3
2286,3
2287,8
2288,8
2289,8
2290,3
2291,3
2292,3
2293,8
2294,8
2295,3
2296,8
2297,8
2298,3
2299,3
2300,8
2301,8
2302,8
2303,3
2304,8
2305,3
2306,8
2307,3
2308,8
2309,8
2310,8
2311,8
2312,3
2313,3
2314,8
2315,8
2316,8
2317,8
2318,8
2319,3
2320,8
2321,8
2322,3
2323,3
2324,8
2325,3
2326,3
2327,3
2328,3
2329,8
2330,3
2331,3
2332,8
2333,3
2334,3
2335,8
2336,8
2337,8
2338,8
2339,8
2340,3
2341,3
2342,3
2343,3
2344,8
2345,3
2346,3
2347,3
2348,3
2349,8
2350,3
2351,8
2352,8
2353,3
2354,3
2355,3
2356,5
2357,8
2358,3
2359,8
2360,3
2361,3
2362,8
2363,8
2364,3
2365,8
2366,3
2367,3
2368,3
2369,8
2370,3
2371,8
2372,3
2373,8
2374,3
2375,3
2376,8
2377,3
2378,8
2379,3
2380,3
2381,3
2382,8
2383,3
2384,8
2385,3
2386,8
2387,3
2388,3
2389,3
2390,3
2391,3
2392,3
2393,8
2394,8
2395,8
2396,3
2397,3
2398,3
2399,8
2400,3
2401,3
2402,8
2403,8
2404,3
2405,8
2406,3
2407,3
2408,8
2409,8
2410,3
2411,8
2412,3
2413,8
2414,3
2415,8
2416,3
2417,3
2418,8
2419,3
2420,3
2421,3
2422,8
2423,3
2424,8
2425,8
2426,3
2427,8
2428,3
2429,8
2430,3
2431,3
2432,8
2433,8
2434,8
2435,8
2436,3
2437,3
2438,3
2439,3
2440,8
2441,3
2442,8
2443,8
2444,8
2445,3
2446,3
2447,3
2448,8
2449,3
2450,3
2451,3
2452,3
2453,3
2454,8
2455,3
2456,3
2457,3
2458,3
2459,3
2460,3
2461,3
2462,3
2463,3
2464,8
2465,8
2466,3
2467,8
2468,8
2469,8
2470,3
2471,8
2472,3
2473,3
2474,3
2475,3
2476,8
2477,3
2478,8
2479,3
2480,3
2481,5
2482,8
2483,3
2484,8
2485,3
2486,3
2487,3
2488,8
2489,8
2490,8
2491,3
2492,3
2493,8
2494,3
2495,8
2496,3
2497,8
2498,3
2499,3
2500,8
2501,5
2502,3
2503,3
2504,3
2505,3
2506,8
2507,3
2508,3
2509,3
2510,5
2511,3
2512,3
2513,3
2514,8
2515,3
2516,8
2517,3
2518,5
2519,8
2520,8
2521,3
2522,3
2523,3
2524,3
2525,3
2526,3
2527,3
2528,5
2529,3
2530,8
2531,5
2532,3
2533,5
2534,3
2535,8
2536,8
2537,3
2538,8
2539,3
2540,3
2541,3
2542,3
2543,8
2544,3
2545,3
2546,8
2547,8
2548,3
2549,3
2550,8
2551,8
2552,8
2553,3
2554,8
2555,3
2556,8
2557,3
2558,8
2559,3
2560,8
2561,3
2562,3
2563,3
2564,8
2565,8
2566,3
2567,3
2568,8
2569,3
2570,8
2571,8
2572,8
2573,3
2574,3
2575,8
2576,8
2577,8
2578,3
2579,3
2580,3
2581,8
2582,8
2583,8
2584,3
2585,3
2586,8
2587,3
2588,3
2589,3
2590,8
2591,8
2592,8
2593,3
2594,8
2595,8
2596,3
2597,8
2598,8
2599,3
2600,3
2601,3
2602,8
2603,3
2604,8
2605,3
2606,3
2607,8
2608,8
2609,5
2610,3
2611,3
2612,8
2613,8
2614,3
2615,8
2616,3
2617,8
2618,3
2619,8
2620,8
2621,3
2622,3
2623,8
2624,8
2625,8
2626,3
2627,8
2628,3
2629,8
2630,8
2631,8
2632,8
2633,3
2634,3
2635,8
2636,3
2637,8
2638,5
2639,8
2640,3
2641,8
2642,8
2643,3
2644,8
2645,3
2646,8
2647,3
2648,5
2649,3
2650,8
2651,8
2652,3
2653,3
2654,8
2655,3
2656,3
2657,8
2658,8
2659,3
2660,8
2661,3
2662,3
2663,5
2664,3
2665,3
2666,8
2667,8
2668,3
2669,3
2670,3
2671,8
2672,3
2673,3
2674,3
2675,3
2676,8
2677,3
2678,3
2679,3
2680,8
2681,3
2682,8
2683,8
2684,8
2685,3
2686,8
2687,3
2688,3
2689,8
2690,3
2691,3
2692,3
2693,3
2694,8
2695,3
2696,3
2697,3
2698,3
2699,8
2700,8
2701,8
2702,8
2703,3
2704,3
2705,8
2706,3
2707,8
2708,3
2709,8
2710,8
2711,3
2712,3
2713,8
2714,3
2715,8
2716,8
2717,5
2718,8
2719,8
2720,8
2721,3
2722,8
2723,3
2724,3
2725,8
2726,3
2727,8
2728,3
2729,3
2730,8
2731,8
2732,3
2733,8
2734,3
2735,3
2736,3
2737,8
2738,3
2739,3
2740,8
2741,8
2742,8
2743,8
2744,3
2745,8
2746,3
2747,3
2748,8
2749,8
2750,8
2751,3
2752,8
2753,8
2754,3
2755,3
2756,8
2757,3
2758,3
2759,3
2760,8
2761,3
2762,3
2763,3
2764,3
2765,3
2766,3
2767,8
2768,3
2769,8
2770,3
2771,3
2772,3
2773,8
2774,3
2775,3
2776,8
2777,8
2778,8
2779,8
2780,8
2781,3
2782,8
2783,8
2784,3
2785,8
2786,5
2787,8
2788,8
2789,3
2790,8
2791,3
2792,8
2793,8
2794,3
2795,3
2796,3
2797,3
2798,8
2799,8
2800,8
2801,3
2802,3
2803,8
2804,3
2805,8
2806,8
2807,3
2808,3
2809,8
2810,8
2811,3
2812,8
2813,8
2814,8
2815,8
2816,8
2817,3
2818,3
2819,8
2820,3
2821,8
2822,3
2823,8
2824,3
2825,3
2826,3
2827,3
2828,8
2829,8
2830,8
2831,8
2832,3
2833,3
2834,8
2835,3
2836,3
2837,3
2838,3
2839,8
2840,3
2841,8
2842,3
2843,8
2844,3
2845,3
2846,3
2847,3
2848,3
2849,3
2850,8
2851,3
2852,8
2853,8
2854,8
2855,3
2856,8
2857,3
2858,8
2859,8
2860,8
2861,3
2862,3
2863,8
2864,8
2865,3
2866,8
2867,3
2868,8
2869,8
2870,3
2871,3
2872,3
2873,3
2874,8
2875,8
2876,8
2877,8
2878,8
2879,3
2880,3
2881,8
2882,8
2883,3
2884,3
2885,5
2886,3
2887,8
2888,8
2889,3
2890,3
2891,3
2892,3
2893,3
2894,3
2895,8
2896,3
2897,3
2898,3
2899,3
2900,5
2901,3
2902,8
2903,3
2904,8
2905,8
2906,8
2907,3
2908,8
2909,3
2910,8
2911,8
2912,3
2913,8
2914,8
2915,8
2916,3
2917,8
2918,3
2919,3
2920,3
2921,3
2922,3
2923,8
2924,8
2925,8
2926,8
2927,3
2928,3
2929,3
2930,3
2931,8
2932,3
2933,3
2934,8
2935,3
2936,3
2937,3
2938,8
2939,3
2940,8
2941,8
2942,3
2943,8
2944,8
2945,8
2946,3
2947,3
2948,8
2949,3
2950,3
2951,8
2952,8
2953,3
2954,8
2955,3
2956,3
2957,8
2958,3
2959,3
2960,3
2961,3
2962,8
2963,3
2964,8
2965,3
2966,3
2967,3
2968,3
2969,3
2970,8
2971,3
2972,8
2973,3
2974,8
2975,8
2976,3
2977,3
2978,8
2979,8
2980,8
2981,3
2982,8
2983,3
2984,3
2985,3
2986,8
2987,3
2988,3
2989,8
2990,8
2991,3
2992,8
2993,3
2994,3
2995,8
2996,3
2997,3
2998,3
2999,8
3000,8
3001,3
3002,3
3003,8
3004,3
3005,3
3006,3
3007,3
3008,3
3009,3
3010,3
3011,3
3012,3
3013,3
3014,3
3015,3
3016,3
3017,3
3018,3
3019,3
3020,3
3021,3
3022,3
3023,3
3024,3
3025,3
3026,3
3027,3
3028,3
3029,3
3030,3
3031,3
3032,3
3033,8
3034,3
3035,3
3036,3
3037,3
3038,3
3039,3
3040,3
3041,3
3042,3
3043,3
3044,3
3045,3
3046,3
3047,3
3048,3
3049,3
3050,3
3051,3
3052,3
3053,3
3054,3
3055,3
3056,3
3057,3
3058,3
3059,3
3060,3
3061,3
3062,3
3063,3
3064,3
3065,3
3066,3
3067,3
3068,3
3069,3
3070,3
3071,3
3072,3
3073,3
3074,3
3075,3
3076,3
3077,3
3078,3
3079,3
3080,3
3081,8
3082,5
3083,3
3084,3
3085,3
3086,3
3087,3
3088,3
3089,3
3090,3
3091,3
3092,3
3093,3
3094,3
3095,3
3096,3
3097,3
3098,3
3099,3
3100,3
3101,3
3102,3
3103,3
3104,3
3105,3
3106,3
3107,3
3108,3
3109,3
3110,3
3111,3
3112,3
3113,3
3114,3
3115,3
3116,3
3117,3
3118,3
3119,3
3120,3
3121,3
3122,3
3123,3
3124,3
3125,3
3126,3
3127,3
3128,3
3129,3
3130,3
3131,3
3132,3
3133,3
3134,3
3135,3
3136,3
3137,3
3138,3
3139,3
3140,3
3141,3
3142,3
3143,3
3144,3
3145,3
3146,3
3147,3
3148,3
3149,3
3150,3
3151,3
3152,3
3153,3
3154,3
3155,3
3156,3
3157,3
3158,3
3159,8
3160,3
3161,3
3162,3
3163,3
3164,3
3165,3
3166,3
3167,3
3168,3
3169,3
3170,3
3171,3
3172,3
3173,3
3174,3
3175,3
3176,3
3177,3
3178,3
3179,3
3180,3
3181,3
3182,3
3183,3
3184,3
3185,3
3186,3
3187,3
3188,3
3189,3
3190,3
3191,3
3192,3
3193,3
3194,3
3195,3
3196,3
3197,3
3198,3
3199,3
3200,3
3201,3
3202,3
3203,3
3204,3
3205,3
3206,3
3207,3
3208,3
3209,3
3210,3
3211,3
3212,5
3213,3
3214,3
3215,3
3216,3
3217,3
3218,3
3219,3
3220,3
3221,3
3222,3
3223,3
3224,3
3225,3
3226,3
3227,3
3228,3
3229,3
3230,3
3231,3
3232,3
3233,3
3234,3
3235,3
3236,3
3237,3
3238,3
3239,3
3240,3
3241,3
3242,3
3243,3
3244,3
3245,3
3246,5
3247,3
3248,3
3249,3
3250,3
3251,3
3252,3
3253,3
3254,3
3255,3
3256,3
3257,3
3258,3
3259,3
3260,3
3261,3
3262,3
3263,3
3264,3
3265,3
3266,3
3267,3
3268,3
3269,3
3270,3
3271,3
3272,3
3273,3
3274,3
3275,3
3276,3
3277,3
3278,3
3279,3
3280,3
3281,3
3282,3
3283,3
3284,3
3285,3
3286,3
3287,3
3288,3
3289,3
3290,3
3291,3
3292,3
3293,8
3294,3
3295,3
3296,3
3297,3
3298,3
3299,3
3300,3
3301,8
3302,3
3303,3
3304,3
3305,3
3306,3
3307,3
3308,3
3309,3
3310,3
3311,3
3312,3
3313,3
3314,3
3315,3
3316,3
3317,3
3318,3
3319,3
3320,3
3321,3
3322,3
3323,3
3324,3
3325,3
3326,3
3327,3
3328,3
3329,3
3330,3
3331,3
3332,3
3333,3
3334,3
3335,3
3336,3
3337,3
3338,3
3339,3
3340,3
3341,3
3342,3
3343,3
3344,3
3345,3
3346,3
3347,3
3348,3
3349,3
3350,3
3351,5
3352,3
3353,3
3354,3
3355,3
3356,3
3357,3
3358,3
3359,3
3360,3
3361,3
3362,3
3363,3
3364,3
3365,3
3366,3
3367,3
3368,3
3369,3
3370,3
3371,3
3372,3
3373,3
3374,3
3375,3
3376,3
3377,3
3378,3
3379,3
3380,3
3381,3
3382,3
3383,3
3384,3
3385,3
3386,3
3387,3
3388,3
3389,3
3390,3
3391,3
3392,3
3393,3
3394,3
3395,3
3396,3
3397,3
3398,3
3399,3
3400,3
3401,3
3402,3
3403,3
3404,3
3405,3
3406,3
3407,3
3408,3
3409,3
3410,5
3411,3
3412,3
3413,3
3414,3
3415,3
3416,3
3417,3
3418,3
3419,3
3420,3
3421,3
3422,3
3423,3
3424,3
3425,3
3426,3
3427,3
3428,3
3429,3
3430,3
3431,3
3432,3
3433,3
3434,3
3435,3
3436,3
3437,3
3438,3
3439,3
3440,3
3441,3
3442,3
3443,3
3444,3
3445,3
3446,3
3447,3
3448,3
3449,3
3450,3
3451,3
3452,3
3453,3
3454,3
3455,3
3456,3
3457,3
3458,3
3459,3
3460,3
3461,3
3462,3
3463,3
3464,3
3465,3
3466,3
3467,3
3468,3
3469,3
3470,3
3471,3
3472,3
3473,3
3474,3
3475,3
3476,3
3477,3
3478,3
3479,3
3480,3
3481,3
3482,3
3483,3
3484,3
3485,3
3486,3
3487,3
3488,3
3489,5
3490,3
3491,3
3492,3
3493,3
3494,3
3495,3
3496,3
3497,3
3498,3
3499,3
3500,3
3501,3
3502,3
3503,3
3504,3
3505,3
3506,3
3507,3
3508,3
3509,3
3510,3
3511,3
3512,3
3513,3
3514,3
3515,3
3516,3
3517,3
3518,3
3519,3
3520,3
3521,3
3522,3
3523,3
3524,3
3525,3
3526,3
3527,3
3528,3
3529,8
3530,3
3531,3
3532,3
3533,3
3534,3
3535,3
3536,3
3537,3
3538,3
3539,3
3540,3
3541,3
3542,3
3543,3
3544,3
3545,3
3546,3
3547,3
3548,3
3549,3
3550,3
3551,3
3552,3
3553,3
3554,3
3555,3
3556,3
3557,3
3558,3
3559,3
3560,3
3561,3
3562,3
3563,3
3564,3
3565,3
3566,3
3567,3
3568,3
3569,3
3570,3
3571,3
3572,3
3573,3
3574,3
3575,3
3576,3
3577,3
3578,3
3579,3
3580,3
3581,3
3582,3
3583,3
3584,3
3585,3
3586,3
3587,3
3588,3
3589,3
3590,3
3591,3
3592,3
3593,8
3594,3
3595,3
3596,3
3597,3
3598,3
3599,3
3600,3
3601,3
3602,3
3603,8
3604,3
3605,3
3606,3
3607,3
3608,3
3609,3
3610,3
3611,3
3612,3
3613,3
3614,3
3615,3
3616,3
3617,3
3618,3
3619,3
3620,3
3621,3
3622,3
3623,3
3624,3
3625,3
3626,3
3627,3
3628,3
3629,3
3630,3
3631,3
3632,3
3633,8
3634,3
3635,3
3636,8
3637,3
3638,3
3639,3
3640,3
3641,3
3642,3
3643,3
3644,3
3645,3
3646,3
3647,3
3648,3
3649,3
3650,3
3651,3
3652,3
3653,3
3654,3
3655,3
3656,3
3657,3
3658,3
3659,3
3660,3
3661,3
3662,3
3663,3
3664,3
3665,3
3666,3
3667,3
3668,3
3669,3
3670,3
3671,3
3672,3
3673,3
3674,3
3675,3
3676,3
3677,8
3678,3
3679,3
3680,3
3681,3
3682,3
3683,3
3684,3
3685,3
3686,3
3687,3
3688,3
3689,3
3690,3
3691,3
3692,3
3693,3
3694,3
3695,3
3696,3
3697,3
3698,3
3699,3
3700,3
3701,3
3702,3
3703,3
3704,3
3705,3
3706,3
3707,3
3708,3
3709,3
3710,3
3711,3
3712,3
3713,3
3714,3
3715,3
3716,3
3717,8
3718,3
3719,3
3720,3
3721,3
3722,3
3723,3
3724,3
3725,3
3726,3
3727,3
3728,3
3729,3
3730,3
3731,3
3732,3
3733,3
3734,3
3735,3
3736,3
3737,3
3738,3
3739,3
3740,3
3741,3
3742,3
3743,3
3744,8
3745,3
3746,3
3747,3
3748,3
3749,3
3750,3
3751,3
3752,3
3753,3
3754,3
3755,3
3756,3
3757,3
3758,3
3759,3
3760,3
3761,3
3762,3
3763,3
3764,3
3765,3
3766,3
3767,3
3768,3
3769,3
3770,3
3771,3
3772,3
3773,3
3774,3
3775,8
3776,3
3777,3
3778,3
3779,3
3780,3
3781,3
3782,3
3783,3
3784,3
3785,3
3786,8
3787,3
3788,5
3789,3
3790,3
3791,3
3792,3
3793,3
3794,3
3795,3
3796,3
3797,3
3798,5
3799,3
3800,3
3801,3
3802,5
3803,3
3804,3
3805,3
3806,3
3807,3
3808,3
3809,3
3810,3
3811,3
3812,3
3813,3
3814,8
3815,3
3816,3
3817,3
3818,3
3819,3
3820,3
3821,3
3822,3
3823,3
3824,3
3825,3
3826,3
3827,3
3828,3
3829,3
3830,3
3831,3
3832,3
3833,3
3834,3
3835,3
3836,3
3837,3
3838,3
3839,3
3840,3
3841,8
3842,3
3843,3
3844,3
3845,3
3846,3
3847,3
3848,3
3849,3
3850,3
3851,3
3852,3
3853,8
3854,3
3855,3
3856,3
3857,3
3858,3
3859,3
3860,3
3861,3
3862,3
3863,3
3864,3
3865,8
3866,3
3867,3
3868,3
3869,3
3870,3
3871,3
3872,3
3873,3
3874,3
3875,3
3876,3
3877,3
3878,3
3879,3
3880,3
3881,3
3882,3
3883,3
3884,3
3885,3
3886,3
3887,8
3888,3
3889,3
3890,3
3891,3
3892,3
3893,3
3894,3
3895,3
3896,3
3897,3
3898,3
3899,3
3900,3
3901,3
3902,3
3903,3
3904,3
3905,3
3906,3
3907,3
3908,3
3909,3
3910,3
3911,3
3912,3
3913,3
3914,3
3915,3
3916,3
3917,3
3918,3
3919,3
3920,3
3921,3
3922,3
3923,3
3924,3
3925,3
3926,3
3927,3
3928,3
3929,3
3930,3
3931,3
3932,5
3933,3
3934,3
3935,3
3936,3
3937,3
3938,3
3939,3
3940,3
3941,3
3942,3
3943,3
3944,3
3945,3
3946,3
3947,3
3948,3
3949,3
3950,3
3951,3
3952,3
3953,3
3954,3
3955,3
3956,3
3957,8
3958,3
3959,3
3960,3
3961,3
3962,3
3963,3
3964,3
3965,8
3966,3
3967,3
3968,3
3969,3
3970,3
3971,3
3972,3
3973,3
3974,3
3975,3
3976,3
3977,3
3978,3
3979,3
3980,3
3981,3
3982,3
3983,3
3984,3
3985,3
3986,3
3987,3
3988,3
3989,3
3990,3
3991,3
3992,3
3993,3
3994,3
3995,3
3996,3
3997,3
3998,3
3999,3
4000,3
4001,3
4002,8
4003,8
4004,8
4005,3
4006,8
4007,8
4008,8
4009,8
4010,8
4011,8
4012,3
4013,8
4014,3
4015,3
4016,8
4017,8
4018,3
4019,8
4020,3
4021,8
4022,3
4023,8
4024,5
4025,5
4026,8
4027,8
4028,3
4029,8
4030,8
4031,3
4032,8
4033,8
4034,3
4035,8
4036,8
4037,3
4038,8
4039,8
4040,8
4041,8
4042,5
4043,3
4044,8
4045,5
4046,8
4047,3
4048,5
4049,5
4050,8
4051,8
4052,3
4053,8
4054,8
4055,8
4056,3
4057,8
4058,8
4059,5
4060,3
4061,3
4062,8
4063,5
4064,3
4065,8
4066,8
4067,8
4068,8
4069,8
4070,8
4071,8
4072,3
4073,8
4074,8
4075,8
4076,3
4077,5
4078,8
4079,5
4080,3
4081,3
4082,3
4083,8
4084,8
4085,8
4086,8
4087,8
4088,8
4089,5
4090,8
4091,3
4092,8
4093,8
4094,8
4095,8
4096,8
4097,8
4098,8
4099,5
4100,5
4101,3
4102,5
4103,8
4104,8
4105,8
4106,3
4107,5
4108,5
4109,8
4110,8
4111,5
4112,3
4113,8
4114,3
4115,3
4116,5
4117,8
4118,8
4119,5
4120,8
4121,5
4122,8
4123,8
4124,8
4125,3
4126,5
4127,8
4128,8
4129,8
4130,8
4131,8
4132,8
4133,8
4134,8
4135,3
4136,8
4137,8
4138,8
4139,8
4140,8
4141,3
4142,8
4143,8
4144,5
4145,5
4146,3
4147,8
4148,8
4149,5
4150,8
4151,8
4152,8
4153,3
4154,5
4155,8
4156,8
4157,8
4158,8
4159,8
4160,8
4161,8
4162,5
4163,3
4164,8
4165,8
4166,8
4167,8
4168,8
4169,5
4170,8
4171,3
4172,5
4173,5
4174,3
4175,3
4176,8
4177,8
4178,8
4179,8
4180,8
4181,5
4182,5
4183,8
4184,8
4185,5
4186,8
4187,8
4188,8
4189,5
4190,8
4191,8
4192,8
4193,8
4194,8
4195,8
4196,8
4197,5
4198,8
4199,8
4200,8
4201,3
4202,8
4203,3
4204,8
4205,8
4206,8
4207,8
4208,8
4209,5
4210,5
4211,8
4212,8
4213,8
4214,3
4215,3
4216,8
4217,8
4218,5
4219,3
4220,3
4221,5
4222,5
4223,8
4224,3
4225,5
4226,8
4227,3
4228,8
4229,5
4230,8
4231,8
4232,8
4233,5
4234,8
4235,8
4236,8
4237,5
4238,8
4239,5
4240,8
4241,8
4242,8
4243,8
4244,5
4245,8
4246,5
4247,8
4248,3
4249,5
4250,8
4251,8
4252,5
4253,8
4254,3
4255,8
4256,8
4257,5
4258,8
4259,8
4260,8
4261,5
4262,8
4263,5
4264,8
4265,8
4266,8
4267,8
4268,8
4269,5
4270,3
4271,5
4272,5
4273,3
4274,5
4275,8
4276,8
4277,8
4278,8
4279,3
4280,8
4281,5
4282,8
4283,8
4284,8
4285,8
4286,8
4287,8
4288,5
4289,8
4290,8
4291,8
4292,5
4293,8
4294,8
4295,8
4296,8
4297,3
4298,3
4299,8
4300,8
4301,3
4302,8
4303,5
4304,8
4305,8
4306,8
4307,3
4308,8
4309,5
4310,5
4311,8
4312,8
4313,8
4314,8
4315,3
4316,8
4317,3
4318,5
4319,8
4320,8
4321,8
4322,5
4323,3
4324,8
4325,3
4326,8
4327,5
4328,8
4329,5
4330,5
4331,5
4332,8
4333,8
4334,8
4335,3
4336,5
4337,8
4338,8
4339,8
4340,8
4341,3
4342,5
4343,5
4344,3
4345,8
4346,8
4347,8
4348,8
4349,5
4350,5
4351,8
4352,8
4353,8
4354,8
4355,3
4356,5
4357,8
4358,8
4359,8
4360,5
4361,8
4362,8
4363,8
4364,8
4365,8
4366,8
4367,8
4368,8
4369,8
4370,5
4371,5
4372,8
4373,8
4374,5
4375,3
4376,5
4377,5
4378,8
4379,8
4380,8
4381,3
4382,8
4383,8
4384,3
4385,3
4386,3
4387,8
4388,8
4389,8
4390,8
4391,5
4392,5
4393,8
4394,3
4395,3
4396,8
4397,8
4398,5
4399,8
4400,8
4401,3
4402,8
4403,3
4404,8
4405,8
4406,5
4407,8
4408,8
4409,8
4410,8
4411,8
4412,3
4413,8
4414,5
4415,8
4416,3
4417,5
4418,8
4419,8
4420,3
4421,3
4422,8
4423,8
4424,8
4425,3
4426,8
4427,5
4428,8
4429,8
4430,3
4431,3
4432,8
4433,5
4434,3
4435,8
4436,8
4437,3
4438,8
4439,8
4440,8
4441,8
4442,8
4443,8
4444,8
4445,5
4446,5
4447,3
4448,3
4449,5
4450,5
4451,8
4452,8
4453,3
4454,8
4455,8
4456,8
4457,3
4458,8
4459,8
4460,8
4461,5
4462,8
4463,3
4464,8
4465,5
4466,3
4467,3
4468,8
4469,8
4470,8
4471,8
4472,8
4473,8
4474,8
4475,8
4476,8
4477,5
4478,8
4479,8
4480,8
4481,8
4482,3
4483,3
4484,5
4485,3
4486,3
4487,5
4488,8
4489,3
4490,8
4491,8
4492,8
4493,8
4494,3
4495,8
4496,8
4497,8
4498,8
4499,8
4500,5
4501,5
4502,5
4503,8
4504,8
4505,8
4506,5
4507,3
4508,8
4509,8
4510,8
4511,3
4512,8
4513,5
4514,8
4515,8
4516,3
4517,8
4518,3
4519,5
4520,5
4521,5
4522,8
4523,8
4524,8
4525,8
4526,3
4527,8
4528,3
4529,8
4530,8
4531,8
4532,5
4533,8
4534,8
4535,8
4536,8
4537,8
4538,3
4539,3
4540,3
4541,5
4542,5
4543,8
4544,3
4545,8
4546,3
4547,5
4548,8
4549,3
4550,8
4551,8
4552,8
4553,8
4554,3
4555,5
4556,3
4557,3
4558,8
4559,8
4560,3
4561,5
4562,5
4563,3
4564,8
4565,5
4566,3
4567,8
4568,8
4569,5
4570,8
4571,5
4572,5
4573,5
4574,8
4575,5
4576,8
4577,8
4578,5
4579,3
4580,8
4581,8
4582,8
4583,3
4584,8
4585,8
4586,8
4587,3
4588,8
4589,8
4590,8
4591,3
4592,8
4593,8
4594,8
4595,5
4596,8
4597,3
4598,8
4599,8
4600,8
4601,8
4602,8
4603,5
4604,8
4605,3
4606,3
4607,8
4608,5
4609,8
4610,3
4611,8
4612,8
4613,8
4614,8
4615,8
4616,8
4617,8
4618,5
4619,3
4620,3
4621,8
4622,8
4623,3
4624,5
4625,8
4626,8
4627,8
4628,8
4629,8
4630,3
4631,8
4632,8
4633,8
4634,8
4635,5
4636,8
4637,5
4638,8
4639,3
4640,5
4641,8
4642,8
4643,5
4644,8
4645,5
4646,3
4647,8
4648,8
4649,8
4650,8
4651,5
4652,8
4653,8
4654,5
4655,3
4656,5
4657,8
4658,8
4659,3
4660,8
4661,8
4662,8
4663,3
4664,8
4665,8
4666,3
4667,3
4668,3
4669,8
4670,8
4671,5
4672,5
4673,8
4674,8
4675,8
4676,8
4677,5
4678,3
4679,8
4680,8
4681,8
4682,8
4683,8
4684,8
4685,8
4686,8
4687,8
4688,8
4689,8
4690,5
4691,8
4692,5
4693,8
4694,8
4695,8
4696,5
4697,8
4698,8
4699,8
4700,8
4701,8
4702,5
4703,5
4704,5
4705,8
4706,8
4707,3
4708,8
4709,8
4710,3
4711,8
4712,8
4713,8
4714,8
4715,8
4716,8
4717,8
4718,8
4719,8
4720,8
4721,8
4722,5
4723,8
4724,8
4725,5
4726,3
4727,8
4728,8
4729,8
4730,8
4731,3
4732,8
4733,5
4734,3
4735,8
4736,8
4737,3
4738,8
4739,8
4740,8
4741,8
4742,3
4743,5
4744,5
4745,3
4746,3
4747,8
4748,5
4749,8
4750,8
4751,5
4752,3
4753,8
4754,8
4755,8
4756,8
4757,3
4758,3
4759,3
4760,8
4761,8
4762,5
4763,5
4764,8
4765,8
4766,8
4767,5
4768,3
4769,5
4770,3
4771,3
4772,8
4773,8
4774,3
4775,8
4776,3
4777,8
4778,8
4779,8
4780,8
4781,3
4782,8
4783,3
4784,8
4785,8
4786,8
4787,8
4788,3
4789,8
4790,3
4791,8
4792,8
4793,8
4794,8
4795,8
4796,8
4797,5
4798,8
4799,8
4800,3
4801,8
4802,8
4803,5
4804,8
4805,8
4806,8
4807,3
4808,8
4809,8
4810,3
4811,8
4812,8
4813,3
4814,8
4815,8
4816,8
4817,8
4818,8
4819,8
4820,8
4821,8
4822,8
4823,8
4824,8
4825,3
4826,5
4827,5
4828,3
4829,8
4830,5
4831,3
4832,8
4833,8
4834,8
4835,8
4836,8
4837,3
4838,8
4839,8
4840,5
4841,5
4842,3
4843,3
4844,8
4845,8
4846,8
4847,8
4848,5
4849,8
4850,8
4851,8
4852,3
4853,8
4854,8
4855,8
4856,5
4857,8
4858,8
4859,3
4860,5
4861,8
4862,5
4863,8
4864,5
4865,8
4866,3
4867,8
4868,8
4869,8
4870,8
4871,3
4872,8
4873,5
4874,8
4875,8
4876,8
4877,5
4878,8
4879,8
4880,8
4881,8
4882,8
4883,8
4884,3
4885,8
4886,8
4887,8
4888,3
4889,8
4890,5
4891,8
4892,5
4893,8
4894,3
4895,8
4896,8
4897,8
4898,8
4899,3
4900,8
4901,8
4902,8
4903,8
4904,8
4905,5
4906,8
4907,8
4908,8
4909,8
4910,8
4911,8
4912,8
4913,8
4914,8
4915,5
4916,8
4917,5
4918,3
4919,8
4920,8
4921,8
4922,8
4923,8
4924,8
4925,8
4926,5
4927,8
4928,5
4929,3
4930,8
4931,8
4932,8
4933,3
4934,8
4935,8
4936,8
4937,8
4938,3
4939,3
4940,8
4941,5
4942,8
4943,8
4944,8
4945,8
4946,3
4947,8
4948,5
4949,3
4950,8
4951,5
4952,8
4953,3
4954,8
4955,5
4956,8
4957,8
4958,8
4959,3
4960,5
4961,8
4962,8
4963,8
4964,5
4965,3
4966,8
4967,8
4968,3
4969,8
4970,5
4971,8
4972,8
4973,8
4974,8
4975,8
4976,5
4977,3
4978,8
4979,8
4980,3
4981,8
4982,3
4983,5
4984,5
4985,8
4986,8
4987,8
4988,8
4989,8
4990,8
4991,8
4992,3
4993,8
4994,8
4995,8
4996,8
4997,8
4998,8
4999,8
5000,5
5001,5
5002,5
5003,5
5004,5
5005,5
5006,5
5007,5
5008,5
5009,5
5010,5
5011,5
5012,5
5013,5
5014,5
5015,5
5016,5
5017,5
5018,5
5019,5
5020,5
5021,5
5022,5
5023,5
5024,5
5025,5
5026,5
5027,5
5028,5
5029,8
5030,5
5031,5
5032,5
5033,5
5034,5
5035,5
5036,5
5037,5
5038,5
5039,5
5040,5
5041,5
5042,5
5043,5
5044,5
5045,5
5046,5
5047,5
5048,5
5049,5
5050,5
5051,5
5052,5
5053,5
5054,5
5055,5
5056,5
5057,5
5058,5
5059,5
5060,5
5061,5
5062,5
5063,5
5064,5
5065,5
5066,5
5067,5
5068,5
5069,5
5070,5
5071,5
5072,5
5073,5
5074,5
5075,5
5076,5
5077,5
5078,5
5079,5
5080,5
5081,5
5082,5
5083,5
5084,5
5085,5
5086,5
5087,5
5088,5
5089,5
5090,5
5091,5
5092,5
5093,3
5094,5
5095,5
5096,5
5097,5
5098,5
5099,5
5100,5
5101,3
5102,5
5103,5
5104,5
5105,5
5106,3
5107,5
5108,5
5109,5
5110,5
5111,5
5112,5
5113,5
5114,5
5115,5
5116,5
5117,3
5118,5
5119,5
5120,5
5121,5
5122,5
5123,5
5124,5
5125,5
5126,5
5127,5
5128,5
5129,5
5130,5
5131,5
5132,3
5133,5
5134,5
5135,5
5136,5
5137,5
5138,5
5139,5
5140,5
5141,5
5142,5
5143,5
5144,5
5145,5
5146,5
5147,5
5148,5
5149,5
5150,5
5151,5
5152,5
5153,5
5154,5
5155,5
5156,5
5157,5
5158,5
5159,5
5160,5
5161,5
5162,5
5163,5
5164,5
5165,5
5166,5
5167,5
5168,5
5169,5
5170,5
5171,5
5172,5
5173,5
5174,5
5175,5
5176,5
5177,5
5178,5
5179,5
5180,5
5181,5
5182,5
5183,5
5184,5
5185,5
5186,5
5187,5
5188,5
5189,5
5190,5
5191,5
5192,5
5193,5
5194,5
5195,5
5196,5
5197,5
5198,5
5199,5
5200,5
5201,5
5202,5
5203,5
5204,5
5205,5
5206,5
5207,5
5208,5
5209,5
5210,5
5211,5
5212,5
5213,5
5214,5
5215,5
5216,5
5217,5
5218,5
5219,5
5220,5
5221,5
5222,5
5223,5
5224,5
5225,5
5226,5
5227,5
5228,5
5229,5
5230,5
5231,5
5232,5
5233,5
5234,5
5235,5
5236,5
5237,5
5238,5
5239,5
5240,5
5241,5
5242,5
5243,5
5244,5
5245,5
5246,5
5247,5
5248,3
5249,5
5250,5
5251,5
5252,5
5253,5
5254,5
5255,5
5256,5
5257,5
5258,5
5259,5
5260,5
5261,5
5262,5
5263,5
5264,5
5265,5
5266,5
5267,5
5268,5
5269,5
5270,5
5271,5
5272,5
5273,5
5274,5
5275,5
5276,5
5277,5
5278,5
5279,5
5280,5
5281,5
5282,5
5283,5
5284,5
5285,5
5286,3
5287,5
5288,5
5289,5
5290,5
5291,5
5292,5
5293,5
5294,5
5295,8
5296,5
5297,5
5298,5
5299,5
5300,5
5301,5
5302,5
5303,5
5304,5
5305,5
5306,5
5307,5
5308,5
5309,5
5310,5
5311,5
5312,5
5313,5
5314,5
5315,5
5316,5
5317,5
5318,5
5319,5
5320,5
5321,5
5322,5
5323,5
5324,5
5325,5
5326,5
5327,5
5328,5
5329,5
5330,5
5331,5
5332,5
5333,5
5334,5
5335,5
5336,5
5337,5
5338,5
5339,5
5340,5
5341,5
5342,5
5343,5
5344,5
5345,5
5346,5
5347,5
5348,5
5349,5
5350,5
5351,5
5352,5
5353,5
5354,5
5355,5
5356,5
5357,5
5358,5
5359,5
5360,5
5361,5
5362,5
5363,5
5364,5
5365,5
5366,5
5367,5
5368,5
5369,5
5370,5
5371,5
5372,5
5373,5
5374,5
5375,5
5376,5
5377,5
5378,5
5379,5
5380,5
5381,5
5382,5
5383,5
5384,5
5385,5
5386,8
5387,5
5388,5
5389,5
5390,5
5391,3
5392,5
5393,5
5394,5
5395,5
5396,5
5397,5
5398,5
5399,5
5400,5
5401,5
5402,5
5403,5
5404,5
5405,5
5406,5
5407,5
5408,5
5409,5
5410,5
5411,5
5412,5
5413,5
5414,5
5415,5
5416,5
5417,5
5418,5
5419,8
5420,5
5421,5
5422,5
5423,5
5424,5
5425,5
5426,5
5427,5
5428,5
5429,5
5430,5
5431,5
5432,5
5433,5
5434,5
5435,5
5436,5
5437,5
5438,5
5439,5
5440,5
5441,5
5442,5
5443,5
5444,5
5445,5
5446,5
5447,5
5448,5
5449,5
5450,5
5451,5
5452,5
5453,5
5454,5
5455,5
5456,8
5457,5
5458,5
5459,5
5460,5
5461,5
5462,5
5463,5
5464,3
5465,5
5466,5
5467,5
5468,5
5469,5
5470,5
5471,5
5472,5
5473,5
5474,5
5475,5
5476,5
5477,5
5478,5
5479,5
5480,5
5481,5
5482,5
5483,5
5484,5
5485,5
5486,5
5487,3
5488,5
5489,5
5490,5
5491,5
5492,5
5493,5
5494,5
5495,5
5496,5
5497,5
5498,5
5499,5
5500,5
5501,5
5502,5
5503,5
5504,5
5505,5
5506,5
5507,3
5508,5
5509,5
5510,5
5511,8
5512,5
5513,5
5514,5
5515,5
5516,5
5517,5
5518,5
5519,5
5520,5
5521,5
5522,5
5523,5
5524,5
5525,5
5526,5
5527,5
5528,5
5529,5
5530,5
5531,5
5532,5
5533,5
5534,5
5535,5
5536,5
5537,5
5538,5
5539,5
5540,5
5541,5
5542,5
5543,5
5544,5
5545,5
5546,5
5547,5
5548,5
5549,5
5550,5
5551,5
5552,5
5553,5
5554,5
5555,5
5556,3
5557,5
5558,3
5559,5
5560,5
5561,5
5562,5
5563,5
5564,5
5565,5
5566,5
5567,5
5568,5
5569,5
5570,5
5571,5
5572,5
5573,5
5574,8
5575,5
5576,5
5577,5
5578,5
5579,5
5580,5
5581,5
5582,5
5583,5
5584,3
5585,5
5586,5
5587,5
5588,5
5589,5
5590,5
5591,5
5592,5
5593,5
5594,5
5595,5
5596,5
5597,5
5598,5
5599,5
5600,5
5601,5
5602,5
5603,5
5604,5
5605,5
5606,5
5607,5
5608,5
5609,5
5610,5
5611,5
5612,5
5613,5
5614,5
5615,5
5616,5
5617,5
5618,5
5619,5
5620,5
5621,5
5622,5
5623,5
5624,5
5625,5
5626,5
5627,5
5628,5
5629,5
5630,5
5631,5
5632,5
5633,5
5634,5
5635,5
5636,5
5637,5
5638,5
5639,5
5640,5
5641,3
5642,5
5643,5
5644,5
5645,5
5646,5
5647,5
5648,5
5649,5
5650,5
5651,5
5652,5
5653,5
5654,5
5655,5
5656,5
5657,5
5658,5
5659,5
5660,5
5661,5
5662,5
5663,3
5664,5
5665,5
5666,5
5667,5
5668,5
5669,5
5670,5
5671,5
5672,5
5673,5
5674,5
5675,5
5676,5
5677,5
5678,5
5679,5
5680,5
5681,5
5682,5
5683,5
5684,5
5685,5
5686,5
5687,5
5688,5
5689,5
5690,5
5691,5
5692,5
5693,5
5694,5
5695,5
5696,5
5697,5
5698,5
5699,5
5700,5
5701,5
5702,5
5703,5
5704,5
5705,5
5706,5
5707,5
5708,5
5709,5
5710,5
5711,5
5712,5
5713,5
5714,5
5715,5
5716,5
5717,5
5718,5
5719,5
5720,5
5721,5
5722,5
5723,5
5724,5
5725,8
5726,5
5727,5
5728,5
5729,5
5730,5
5731,3
5732,5
5733,5
5734,5
5735,5
5736,5
5737,5
5738,5
5739,3
5740,5
5741,5
5742,5
5743,5
5744,5
5745,5
5746,5
5747,5
5748,5
5749,5
5750,5
5751,5
5752,5
5753,5
5754,5
5755,5
5756,5
5757,5
5758,5
5759,5
5760,5
5761,5
5762,5
5763,5
5764,5
5765,5
5766,5
5767,5
5768,5
5769,5
5770,5
5771,5
5772,5
5773,5
5774,5
5775,5
5776,5
5777,5
5778,5
5779,5
5780,5
5781,5
5782,3
5783,5
5784,3
5785,5
5786,5
5787,5
5788,5
5789,5
5790,5
5791,5
5792,5
5793,5
5794,5
5795,5
5796,5
5797,5
5798,5
5799,5
5800,8
5801,3
5802,5
5803,5
5804,5
5805,5
5806,5
5807,5
5808,5
5809,5
5810,5
5811,5
5812,5
5813,5
5814,5
5815,5
5816,5
5817,5
5818,5
5819,5
5820,5
5821,5
5822,5
5823,5
5824,5
5825,5
5826,5
5827,5
5828,5
5829,5
5830,5
5831,5
5832,5
5833,5
5834,5
5835,5
5836,5
5837,5
5838,5
5839,5
5840,5
5841,5
5842,5
5843,5
5844,5
5845,5
5846,5
5847,5
5848,5
5849,8
5850,5
5851,5
5852,5
5853,5
5854,5
5855,5
5856,5
5857,5
5858,5
5859,5
5860,5
5861,5
5862,5
5863,5
5864,5
5865,5
5866,5
5867,5
5868,5
5869,5
5870,5
5871,5
5872,5
5873,5
5874,5
5875,5
5876,5
5877,5
5878,5
5879,5
5880,5
5881,5
5882,5
5883,5
5884,5
5885,5
5886,5
5887,5
5888,5
5889,5
5890,5
5891,5
5892,5
5893,5
5894,5
5895,5
5896,5
5897,5
5898,5
5899,5
5900,5
5901,5
5902,5
5903,5
5904,5
5905,5
5906,5
5907,5
5908,5
5909,5
5910,5
5911,5
5912,3
5913,5
5914,5
5915,5
5916,5
5917,5
5918,5
5919,5
5920,5
5921,5
5922,5
5923,5
5924,5
5925,5
5926,5
5927,5
5928,5
5929,3
5930,5
5931,5
5932,5
5933,5
5934,5
5935,5
5936,5
5937,5
5938,5
5939,5
5940,5
5941,5
5942,5
5943,5
5944,5
5945,5
5946,5
5947,5
5948,5
5949,5
5950,5
5951,5
5952,5
5953,5
5954,5
5955,5
5956,5
5957,5
5958,5
5959,5
5960,5
5961,5
5962,5
5963,5
5964,5
5965,5
5966,5
5967,3
5968,5
5969,5
5970,5
5971,5
5972,5
5973,5
5974,5
5975,5
5976,5
5977,5
5978,5
5979,5
5980,5
5981,5
5982,5
5983,5
5984,5
5985,3
5986,5
5987,5
5988,5
5989,5
5990,5
5991,5
5992,5
5993,5
5994,5
5995,5
5996,5
5997,5
5998,5
5999,5
6000,5
6001,5
6002,5
6003,5
6004,8
6005,5
6006,5
6007,5
6008,8
6009,5
6010,8
6011,8
6012,8
6013,5
6014,5
6015,8
6016,8
6017,8
6018,5
6019,8
6020,8
6021,5
6022,5
6023,8
6024,5
6025,5
6026,5
6027,8
6028,5
6029,8
6030,8
6031,5
6032,8
6033,8
6034,8
6035,8
6036,8
6037,5
6038,8
6039,5
6040,5
6041,5
6042,8
6043,3
6044,8
6045,8
6046,5
6047,8
6048,5
6049,5
6050,5
6051,8
6052,8
6053,8
6054,5
6055,8
6056,5
6057,8
6058,8
6059,5
6060,5
6061,5
6062,8
6063,5
6064,8
6065,5
6066,5
6067,5
6068,5
6069,8
6070,5
6071,5
6072,5
6073,5
6074,5
6075,5
6076,5
6077,5
6078,8
6079,8
6080,8
6081,8
6082,8
6083,8
6084,8
6085,5
6086,5
6087,5
6088,5
6089,5
6090,5
6091,8
6092,8
6093,5
6094,8
6095,5
6096,5
6097,3
6098,5
6099,5
6100,8
6101,8
6102,5
6103,5
6104,5
6105,8
6106,5
6107,5
6108,8
6109,8
6110,5
6111,8
6112,5
6113,8
6114,5
6115,8
6116,8
6117,8
6118,8
6119,8
6120,8
6121,8
6122,5
6123,5
6124,8
6125,8
6126,8
6127,5
6128,8
6129,5
6130,8
6131,5
6132,5
6133,5
6134,5
6135,5
6136,8
6137,5
6138,8
6139,5
6140,8
6141,8
6142,8
6143,5
6144,5
6145,8
6146,5
6147,5
6148,5
6149,5
6150,5
6151,5
6152,8
6153,8
6154,8
6155,8
6156,8
6157,5
6158,8
6159,5
6160,5
6161,5
6162,8
6163,5
6164,5
6165,8
6166,5
6167,5
6168,5
6169,8
6170,8
6171,5
6172,5
6173,8
6174,8
6175,8
6176,8
6177,5
6178,5
6179,5
6180,5
6181,8
6182,8
6183,3
6184,8
6185,8
6186,8
6187,8
6188,5
6189,8
6190,8
6191,8
6192,8
6193,8
6194,8
6195,5
6196,5
6197,8
6198,8
6199,8
6200,5
6201,5
6202,5
6203,8
6204,8
6205,5
6206,8
6207,5
6208,5
6209,5
6210,8
6211,8
6212,8
6213,5
6214,8
6215,5
6216,5
6217,5
6218,5
6219,3
6220,8
6221,5
6222,8
6223,5
6224,8
6225,5
6226,8
6227,8
6228,5
6229,5
6230,8
6231,5
6232,5
6233,5
6234,5
6235,5
6236,8
6237,8
6238,5
6239,5
6240,5
6241,5
6242,8
6243,5
6244,5
6245,5
6246,8
6247,5
6248,8
6249,8
6250,5
6251,8
6252,5
6253,8
6254,8
6255,5
6256,5
6257,5
6258,8
6259,8
6260,5
6261,8
6262,5
6263,5
6264,5
6265,8
6266,5
6267,5
6268,8
6269,8
6270,5
6271,5
6272,8
6273,5
6274,5
6275,5
6276,5
6277,8
6278,5
6279,5
6280,5
6281,8
6282,3
6283,5
6284,8
6285,5
6286,5
6287,5
6288,5
6289,8
6290,5
6291,5
6292,8
6293,5
6294,8
6295,5
6296,5
6297,5
6298,5
6299,5
6300,8
6301,5
6302,8
6303,5
6304,8
6305,8
6306,8
6307,8
6308,5
6309,5
6310,5
6311,5
6312,5
6313,5
6314,8
6315,5
6316,5
6317,5
6318,5
6319,8
6320,5
6321,8
6322,8
6323,8
6324,5
6325,5
6326,5
6327,5
6328,5
6329,5
6330,8
6331,5
6332,8
6333,8
6334,5
6335,5
6336,5
6337,5
6338,3
6339,8
6340,8
6341,8
6342,8
6343,8
6344,5
6345,5
6346,8
6347,8
6348,5
6349,8
6350,8
6351,8
6352,8
6353,5
6354,8
6355,8
6356,3
6357,8
6358,8
6359,8
6360,8
6361,5
6362,8
6363,5
6364,5
6365,5
6366,8
6367,8
6368,5
6369,5
6370,8
6371,5
6372,5
6373,8
6374,8
6375,5
6376,8
6377,5
6378,5
6379,8
6380,8
6381,8
6382,8
6383,8
6384,8
6385,8
6386,5
6387,5
6388,5
6389,8
6390,8
6391,5
6392,5
6393,5
6394,8
6395,5
6396,8
6397,5
6398,5
6399,5
6400,8
6401,5
6402,5
6403,8
6404,5
6405,8
6406,8
6407,8
6408,8
6409,5
6410,5
6411,5
6412,5
6413,5
6414,8
6415,5
6416,5
6417,8
6418,8
6419,5
6420,8
6421,5
6422,5
6423,8
6424,5
6425,5
6426,8
6427,8
6428,5
6429,8
6430,5
6431,8
6432,8
6433,8
6434,5
6435,5
6436,8
6437,8
6438,5
6439,8
6440,8
6441,5
6442,8
6443,5
6444,8
6445,5
6446,5
6447,5
6448,8
6449,8
6450,8
6451,5
6452,5
6453,5
6454,5
6455,5
6456,8
6457,5
6458,8
6459,5
6460,8
6461,5
6462,5
6463,8
6464,8
6465,8
6466,5
6467,5
6468,5
6469,8
6470,5
6471,5
6472,8
6473,8
6474,8
6475,8
6476,5
6477,5
6478,5
6479,5
6480,8
6481,5
6482,8
6483,5
6484,8
6485,5
6486,5
6487,8
6488,8
6489,8
6490,5
6491,5
6492,8
6493,8
6494,5
6495,5
6496,5
6497,5
6498,5
6499,8
6500,3
6501,5
6502,5
6503,8
6504,8
6505,8
6506,8
6507,5
6508,5
6509,8
6510,5
6511,8
6512,8
6513,5
6514,8
6515,5
6516,5
6517,3
6518,5
6519,5
6520,5
6521,8
6522,5
6523,8
6524,5
6525,5
6526,8
6527,5
6528,5
6529,5
6530,5
6531,5
6532,5
6533,5
6534,5
6535,5
6536,8
6537,8
6538,5
6539,5
6540,8
6541,5
6542,5
6543,5
6544,5
6545,8
6546,8
6547,8
6548,8
6549,8
6550,8
6551,5
6552,5
6553,5
6554,5
6555,8
6556,8
6557,8
6558,8
6559,5
6560,5
6561,5
6562,5
6563,5
6564,5
6565,5
6566,8
6567,8
6568,5
6569,8
6570,5
6571,5
6572,8
6573,8
6574,8
6575,8
6576,5
6577,5
6578,8
6579,5
6580,5
6581,8
6582,5
6583,5
6584,5
6585,5
6586,8
6587,8
6588,8
6589,8
6590,5
6591,8
6592,5
6593,5
6594,8
6595,5
6596,5
6597,5
6598,5
6599,5
6600,5
6601,8
6602,5
6603,8
6604,5
6605,8
6606,5
6607,8
6608,5
6609,5
6610,5
6611,8
6612,8
6613,5
6614,5
6615,5
6616,5
6617,5
6618,8
6619,3
6620,5
6621,5
6622,8
6623,5
6624,8
6625,5
6626,5
6627,5
6628,5
6629,5
6630,5
6631,8
6632,5
6633,3
6634,8
6635,5
6636,8
6637,8
6638,8
6639,8
6640,8
6641,8
6642,8
6643,5
6644,5
6645,5
6646,8
6647,5
6648,8
6649,5
6650,5
6651,8
6652,5
6653,5
6654,5
6655,5
6656,5
6657,5
6658,5
6659,8
6660,8
6661,8
6662,8
6663,8
6664,5
6665,8
6666,5
6667,5
6668,5
6669,5
6670,8
6671,8
6672,8
6673,5
6674,5
6675,5
6676,5
6677,8
6678,8
6679,8
6680,5
6681,8
6682,8
6683,8
6684,8
6685,8
6686,5
6687,5
6688,5
6689,5
6690,8
6691,5
6692,8
6693,8
6694,8
6695,5
6696,5
6697,8
6698,8
6699,5
6700,8
6701,3
6702,5
6703,8
6704,8
6705,8
6706,3
6707,5
6708,8
6709,5
6710,5
6711,5
6712,5
6713,8
6714,5
6715,8
6716,5
6717,8
6718,5
6719,8
6720,5
6721,8
6722,8
6723,5
6724,8
6725,5
6726,5
6727,8
6728,8
6729,5
6730,8
6731,5
6732,8
6733,5
6734,5
6735,5
6736,8
6737,5
6738,5
6739,5
6740,8
6741,8
6742,5
6743,8
6744,5
6745,8
6746,5
6747,5
6748,8
6749,5
6750,8
6751,8
6752,8
6753,8
6754,8
6755,8
6756,5
6757,5
6758,8
6759,8
6760,8
6761,8
6762,3
6763,8
6764,5
6765,3
6766,5
6767,8
6768,5
6769,5
6770,5
6771,8
6772,5
6773,5
6774,8
6775,8
6776,5
6777,8
6778,5
6779,8
6780,5
6781,5
6782,8
6783,8
6784,5
6785,5
6786,8
6787,5
6788,8
6789,5
6790,5
6791,8
6792,5
6793,5
6794,5
6795,8
6796,8
6797,5
6798,5
6799,8
6800,8
6801,8
6802,8
6803,5
6804,8
6805,5
6806,5
6807,5
6808,5
6809,5
6810,8
6811,8
6812,5
6813,8
6814,8
6815,8
6816,8
6817,8
6818,5
6819,5
6820,5
6821,5
6822,8
6823,8
6824,8
6825,5
6826,5
6827,8
6828,5
6829,8
6830,8
6831,5
6832,8
6833,5
6834,8
6835,5
6836,5
6837,8
6838,5
6839,5
6840,8
6841,5
6842,8
6843,5
6844,5
6845,8
6846,5
6847,8
6848,8
6849,5
6850,5
6851,5
6852,8
6853,5
6854,5
6855,8
6856,8
6857,5
6858,8
6859,5
6860,8
6861,5
6862,5
6863,5
6864,8
6865,5
6866,3
6867,8
6868,8
6869,5
6870,3
6871,8
6872,5
6873,5
6874,8
6875,8
6876,5
6877,8
6878,5
6879,5
6880,5
6881,5
6882,5
6883,5
6884,5
6885,8
6886,5
6887,5
6888,8
6889,8
6890,5
6891,5
6892,5
6893,5
6894,8
6895,8
6896,3
6897,5
6898,5
6899,8
6900,5
6901,8
6902,5
6903,8
6904,8
6905,8
6906,8
6907,5
6908,8
6909,5
6910,8
6911,5
6912,5
6913,5
6914,8
6915,5
6916,8
6917,5
6918,8
6919,5
6920,5
6921,8
6922,3
6923,5
6924,5
6925,8
6926,5
6927,8
6928,8
6929,5
6930,8
6931,8
6932,8
6933,8
6934,8
6935,5
6936,8
6937,8
6938,5
6939,5
6940,5
6941,8
6942,5
6943,8
6944,5
6945,8
6946,8
6947,5
6948,8
6949,5
6950,5
6951,3
6952,8
6953,5
6954,5
6955,5
6956,5
6957,5
6958,5
6959,8
6960,5
6961,5
6962,8
6963,5
6964,5
6965,8
6966,8
6967,8
6968,5
6969,5
6970,8
6971,5
6972,5
6973,5
6974,5
6975,8
6976,8
6977,5
6978,5
6979,8
6980,8
6981,8
6982,5
6983,5
6984,5
6985,5
6986,8
6987,3
6988,5
6989,5
6990,5
6991,8
6992,5
6993,5
6994,5
6995,5
6996,5
6997,5
6998,5
6999,5
7000,5
7001,3
7002,5
7003,3
7004,5
7005,8
7006,8
7007,3
7008,8
7009,5
7010,3
7011,3
7012,3
7013,3
7014,3
7015,3
7016,3
7017,8
7018,8
7019,3
7020,3
7021,3
7022,3
7023,3
7024,5
7025,3
7026,5
7027,8
7028,3
7029,3
7030,3
7031,3
7032,3
7033,3
7034,5
7035,5
7036,3
7037,3
7038,3
7039,3
7040,3
7041,8
7042,5
7043,8
7044,5
7045,3
7046,8
7047,3
7048,5
7049,3
7050,3
7051,5
7052,3
7053,3
7054,3
7055,5
7056,3
7057,5
7058,8
7059,5
7060,3
7061,5
7062,3
7063,3
7064,5
7065,5
7066,5
7067,5
7068,5
7069,5
7070,3
7071,3
7072,3
7073,5
7074,5
7075,8
7076,3
7077,5
7078,3
7079,3
7080,5
7081,3
7082,5
7083,3
7084,3
7085,5
7086,8
7087,3
7088,3
7089,3
7090,8
7091,3
7092,3
7093,8
7094,3
7095,5
7096,3
7097,3
7098,3
7099,5
7100,5
7101,3
7102,8
7103,8
7104,3
7105,3
7106,3
7107,3
7108,8
7109,5
7110,3
7111,5
7112,8
7113,3
7114,5
7115,3
7116,3
7117,8
7118,5
7119,8
7120,3
7121,3
7122,3
7123,3
7124,5
7125,3
7126,3
7127,8
7128,8
7129,3
7130,5
7131,8
7132,3
7133,3
7134,8
7135,3
7136,3
7137,5
7138,3
7139,8
7140,8
7141,3
7142,3
7143,3
7144,8
7145,3
7146,3
7147,3
7148,3
7149,8
7150,3
7151,8
7152,3
7153,8
7154,5
7155,5
7156,8
7157,3
7158,3
7159,3
7160,3
7161,8
7162,8
7163,8
7164,3
7165,8
7166,8
7167,5
7168,3
7169,3
7170,5
7171,3
7172,3
7173,5
7174,8
7175,3
7176,5
7177,3
7178,5
7179,3
7180,3
7181,3
7182,3
7183,3
7184,3
7185,5
7186,5
7187,3
7188,5
7189,8
7190,3
7191,5
7192,8
7193,3
7194,3
7195,3
7196,3
7197,8
7198,5
7199,3
7200,5
7201,5
7202,3
7203,8
7204,3
7205,3
7206,3
7207,8
7208,8
7209,3
7210,3
7211,3
7212,8
7213,5
7214,3
7215,5
7216,8
7217,3
7218,8
7219,3
7220,8
7221,3
7222,3
7223,5
7224,8
7225,8
7226,3
7227,5
7228,8
7229,3
7230,5
7231,3
7232,5
7233,3
7234,5
7235,3
7236,3
7237,3
7238,8
7239,3
7240,5
7241,3
7242,8
7243,5
7244,8
7245,8
7246,3
7247,3
7248,3
7249,3
7250,8
7251,3
7252,5
7253,3
7254,3
7255,8
7256,3
7257,5
7258,8
7259,5
7260,3
7261,8
7262,5
7263,5
7264,3
7265,5
7266,3
7267,3
7268,3
7269,3
7270,8
7271,8
7272,8
7273,3
7274,5
7275,8
7276,3
7277,5
7278,5
7279,5
7280,3
7281,3
7282,3
7283,3
7284,3
7285,5
7286,3
7287,3
7288,3
7289,3
7290,5
7291,8
7292,8
7293,3
7294,5
7295,3
7296,8
7297,5
7298,8
7299,8
7300,8
7301,3
7302,8
7303,8
7304,5
7305,5
7306,3
7307,8
7308,3
7309,5
7310,3
7311,3
7312,3
7313,3
7314,5
7315,5
7316,3
7317,5
7318,3
7319,8
7320,3
7321,3
7322,5
7323,3
7324,3
7325,3
7326,3
7327,3
7328,5
7329,8
7330,3
7331,3
7332,3
7333,5
7334,5
7335,5
7336,8
7337,3
7338,8
7339,3
7340,3
7341,8
7342,3
7343,3
7344,8
7345,5
7346,5
7347,3
7348,5
7349,8
7350,5
7351,5
7352,3
7353,3
7354,5
7355,5
7356,5
7357,3
7358,8
7359,5
7360,3
7361,5
7362,5
7363,3
7364,5
7365,5
7366,5
7367,8
7368,3
7369,3
7370,3
7371,3
7372,3
7373,8
7374,3
7375,8
7376,3
7377,8
7378,3
7379,3
7380,3
7381,3
7382,3
7383,5
7384,5
7385,8
7386,8
7387,3
7388,5
7389,8
7390,8
7391,8
7392,5
7393,3
7394,8
7395,3
7396,3
7397,3
7398,3
7399,3
7400,3
7401,3
7402,3
7403,8
7404,5
7405,5
7406,3
7407,3
7408,3
7409,8
7410,8
7411,8
7412,3
7413,3
7414,5
7415,3
7416,5
7417,8
7418,3
7419,3
7420,8
7421,5
7422,5
7423,5
7424,3
7425,3
7426,3
7427,5
7428,5
7429,3
7430,3
7431,5
7432,3
7433,3
7434,5
7435,5
7436,3
7437,5
7438,8
7439,3
7440,3
7441,8
7442,8
7443,8
7444,3
7445,3
7446,3
7447,8
7448,8
7449,8
7450,8
7451,3
7452,3
7453,8
7454,8
7455,3
7456,3
7457,3
7458,3
7459,8
7460,5
7461,8
7462,3
7463,3
7464,3
7465,5
7466,3
7467,3
7468,8
7469,3
7470,3
7471,3
7472,3
7473,3
7474,8
7475,5
7476,3
7477,8
7478,3
7479,5
7480,3
7481,3
7482,5
7483,3
7484,3
7485,3
7486,8
7487,5
7488,8
7489,3
7490,3
7491,3
7492,3
7493,8
7494,3
7495,3
7496,5
7497,8
7498,3
7499,3
7500,3
7501,8
7502,3
7503,3
7504,3
7505,3
7506,5
7507,3
7508,3
7509,3
7510,5
7511,3
7512,5
7513,3
7514,3
7515,3
7516,5
7517,3
7518,3
7519,5
7520,3
7521,8
7522,3
7523,5
7524,3
7525,8
7526,8
7527,3
7528,5
7529,3
7530,3
7531,3
7532,3
7533,3
7534,5
7535,3
7536,3
7537,3
7538,8
7539,8
7540,8
7541,3
7542,3
7543,3
7544,3
7545,8
7546,8
7547,5
7548,3
7549,3
7550,8
7551,3
7552,3
7553,8
7554,3
7555,3
7556,3
7557,3
7558,8
7559,3
7560,5
7561,8
7562,8
7563,5
7564,5
7565,3
7566,8
7567,5
7568,8
7569,3
7570,8
7571,8
7572,3
7573,3
7574,3
7575,8
7576,3
7577,8
7578,3
7579,5
7580,8
7581,5
7582,3
7583,3
7584,8
7585,5
7586,5
7587,5
7588,5
7589,3
7590,5
7591,3
7592,3
7593,8
7594,8
7595,5
7596,5
7597,3
7598,5
7599,5
7600,3
7601,3
7602,3
7603,3
7604,5
7605,3
7606,8
7607,5
7608,5
7609,3
7610,3
7611,3
7612,3
7613,3
7614,3
7615,3
7616,3
7617,5
7618,5
7619,8
7620,5
7621,3
7622,8
7623,3
7624,8
7625,5
7626,3
7627,3
7628,8
7629,5
7630,5
7631,8
7632,8
7633,8
7634,5
7635,5
7636,3
7637,5
7638,5
7639,3
7640,3
7641,8
7642,3
7643,5
7644,8
7645,3
7646,8
7647,8
7648,8
7649,5
7650,5
7651,3
7652,8
7653,8
7654,5
7655,8
7656,3
7657,5
7658,3
7659,3
7660,3
7661,8
7662,8
7663,5
7664,8
7665,8
7666,3
7667,3
7668,5
7669,8
7670,3
7671,3
7672,8
7673,5
7674,5
7675,3
7676,8
7677,5
7678,3
7679,3
7680,3
7681,3
7682,8
7683,8
7684,3
7685,3
7686,5
7687,3
7688,3
7689,3
7690,3
7691,3
7692,8
7693,8
7694,3
7695,5
7696,8
7697,3
7698,3
7699,3
7700,5
7701,5
7702,8
7703,3
7704,3
7705,3
7706,8
7707,3
7708,3
7709,8
7710,8
7711,3
7712,3
7713,8
7714,3
7715,3
7716,5
7717,3
7718,3
7719,3
7720,5
7721,3
7722,8
7723,3
7724,3
7725,3
7726,3
7727,5
7728,5
7729,3
7730,3
7731,3
7732,3
7733,5
7734,3
7735,8
7736,8
7737,5
7738,3
7739,3
7740,3
7741,3
7742,5
7743,5
7744,8
7745,3
7746,3
7747,5
7748,3
7749,3
7750,5
7751,3
7752,3
7753,3
7754,5
7755,3
7756,3
7757,3
7758,3
7759,3
7760,3
7761,8
7762,3
7763,3
7764,8
7765,5
7766,8
7767,3
7768,5
7769,3
7770,3
7771,3
7772,3
7773,8
7774,3
7775,3
7776,3
7777,3
7778,5
7779,8
7780,8
7781,3
7782,5
7783,5
7784,5
7785,5
7786,3
7787,5
7788,8
7789,8
7790,3
7791,5
7792,3
7793,8
7794,5
7795,3
7796,3
7797,3
7798,3
7799,5
7800,8
7801,8
7802,3
7803,3
7804,3
7805,8
7806,3
7807,8
7808,8
7809,3
7810,3
7811,3
7812,3
7813,3
7814,3
7815,3
7816,3
7817,8
7818,5
7819,3
7820,5
7821,8
7822,8
7823,5
7824,3
7825,3
7826,8
7827,3
7828,3
7829,3
7830,3
7831,8
7832,3
7833,5
7834,5
7835,5
7836,3
7837,3
7838,3
7839,8
7840,5
7841,3
7842,3
7843,5
7844,3
7845,3
7846,3
7847,5
7848,8
7849,3
7850,5
7851,8
7852,5
7853,8
7854,3
7855,5
7856,3
7857,5
7858,5
7859,3
7860,5
7861,3
7862,3
7863,5
7864,5
7865,3
7866,8
7867,8
7868,3
7869,3
7870,3
7871,8
7872,8
7873,3
7874,3
7875,3
7876,3
7877,5
7878,3
7879,3
7880,3
7881,3
7882,3
7883,8
7884,3
7885,3
7886,3
7887,8
7888,8
7889,8
7890,3
7891,8
7892,3
7893,5
7894,3
7895,3
7896,8
7897,3
7898,3
7899,5
7900,3
7901,3
7902,8
7903,3
7904,5
7905,8
7906,3
7907,3
7908,8
7909,5
7910,3
7911,3
7912,3
7913,3
7914,3
7915,3
7916,3
7917,8
7918,3
7919,3
7920,3
7921,3
7922,8
7923,3
7924,3
7925,3
7926,5
7927,3
7928,3
7929,3
7930,3
7931,3
7932,5
7933,8
7934,5
7935,8
7936,3
7937,3
7938,3
7939,3
7940,3
7941,5
7942,3
7943,3
7944,5
7945,5
7946,5
7947,3
7948,8
7949,3
7950,5
7951,3
7952,3
7953,3
7954,8
7955,3
7956,3
7957,5
7958,8
7959,3
7960,3
7961,5
7962,8
7963,8
7964,3
7965,3
7966,3
7967,8
7968,3
7969,3
7970,3
7971,3
7972,3
7973,3
7974,3
7975,8
7976,3
7977,3
7978,3
7979,3
7980,8
7981,3
7982,5
7983,5
7984,5
7985,3
7986,3
7987,3
7988,8
7989,5
7990,3
7991,5
7992,3
7993,5
7994,3
7995,5
7996,3
7997,3
7998,3
7999,3
8000,3
8001,8
8002,8
8003,8
8004,8
8005,8
8006,8
8007,8
8008,8
8009,8
8010,8
8011,8
8012,8
8013,8
8014,8
8015,8
8016,8
8017,8
8018,8
8019,8
8020,8
8021,8
8022,8
8023,8
8024,8
8025,8
8026,8
8027,8
8028,8
8029,8
8030,8
8031,8
8032,8
8033,8
8034,8
8035,8
8036,8
8037,3
8038,8
8039,8
8040,8
8041,3
8042,8
8043,8
8044,8
8045,8
8046,8
8047,8
8048,8
8049,8
8050,8
8051,8
8052,8
8053,8
8054,8
8055,8
8056,8
8057,8
8058,8
8059,8
8060,8
8061,8
8062,8
8063,8
8064,8
8065,8
8066,8
8067,8
8068,8
8069,8
8070,8
8071,8
8072,8
8073,8
8074,8
8075,8
8076,8
8077,8
8078,8
8079,8
8080,8
8081,8
8082,5
8083,8
8084,8
8085,8
8086,8
8087,8
8088,8
8089,8
8090,8
8091,8
8092,8
8093,8
8094,8
8095,8
8096,8
8097,8
8098,8
8099,8
8100,8
8101,8
8102,8
8103,8
8104,8
8105,8
8106,8
8107,8
8108,8
8109,8
8110,8
8111,8
8112,8
8113,8
8114,5
8115,8
8116,8
8117,8
8118,8
8119,8
8120,8
8121,8
8122,8
8123,8
8124,8
8125,8
8126,8
8127,8
8128,8
8129,8
8130,8
8131,8
8132,8
8133,8
8134,8
8135,8
8136,8
8137,8
8138,8
8139,8
8140,8
8141,8
8142,8
8143,8
8144,8
8145,8
8146,8
8147,8
8148,8
8149,8
8150,8
8151,5
8152,8
8153,8
8154,8
8155,8
8156,8
8157,8
8158,8
8159,8
8160,8
8161,8
8162,8
8163,8
8164,8
8165,8
8166,8
8167,8
8168,3
8169,8
8170,5
8171,8
8172,8
8173,5
8174,8
8175,8
8176,8
8177,8
8178,8
8179,8
8180,8
8181,8
8182,8
8183,8
8184,8
8185,8
8186,8
8187,8
8188,8
8189,8
8190,8
8191,8
8192,8
8193,8
8194,8
8195,8
8196,8
8197,8
8198,8
8199,8
8200,8
8201,8
8202,8
8203,8
8204,5
8205,8
8206,8
8207,8
8208,8
8209,8
8210,8
8211,8
8212,8
8213,8
8214,8
8215,8
8216,8
8217,8
8218,8
8219,8
8220,8
8221,8
8222,8
8223,8
8224,8
8225,8
8226,8
8227,8
8228,8
8229,8
8230,8
8231,8
8232,8
8233,8
8234,8
8235,8
8236,8
8237,8
8238,8
8239,8
8240,8
8241,8
8242,8
8243,8
8244,8
8245,8
8246,8
8247,8
8248,8
8249,8
8250,8
8251,8
8252,8
8253,8
8254,8
8255,8
8256,8
8257,8
8258,8
8259,8
8260,8
8261,8
8262,8
8263,8
8264,8
8265,8
8266,8
8267,8
8268,8
8269,8
8270,8
8271,8
8272,8
8273,8
8274,8
8275,8
8276,8
8277,8
8278,8
8279,8
8280,8
8281,8
8282,8
8283,8
8284,8
8285,8
8286,8
8287,8
8288,8
8289,8
8290,8
8291,8
8292,8
8293,8
8294,8
8295,8
8296,8
8297,8
8298,8
8299,8
8300,8
8301,8
8302,8
8303,8
8304,8
8305,8
8306,8
8307,8
8308,8
8309,8
8310,8
8311,8
8312,8
8313,8
8314,8
8315,8
8316,8
8317,8
8318,8
8319,8
8320,8
8321,8
8322,3
8323,8
8324,8
8325,8
8326,8
8327,8
8328,8
8329,8
8330,8
8331,8
8332,8
8333,8
8334,8
8335,8
8336,8
8337,8
8338,8
8339,8
8340,8
8341,8
8342,8
8343,8
8344,8
8345,8
8346,8
8347,8
8348,8
8349,8
8350,8
8351,8
8352,3
8353,8
8354,8
8355,8
8356,8
8357,8
8358,8
8359,8
8360,8
8361,8
8362,8
8363,8
8364,8
8365,8
8366,8
8367,8
8368,8
8369,8
8370,8
8371,8
8372,8
8373,8
8374,8
8375,8
8376,8
8377,8
8378,8
8379,8
8380,8
8381,8
8382,8
8383,8
8384,8
8385,8
8386,8
8387,3
8388,8
8389,8
8390,8
8391,8
8392,8
8393,8
8394,8
8395,8
8396,8
8397,8
8398,8
8399,8
8400,8
8401,8
8402,8
8403,8
8404,8
8405,8
8406,8
8407,8
8408,8
8409,8
8410,8
8411,8
8412,8
8413,8
8414,3
8415,8
8416,8
8417,3
8418,8
8419,8
8420,8
8421,8
8422,8
8423,8
8424,8
8425,8
8426,8
8427,5
8428,8
8429,8
8430,8
8431,8
8432,8
8433,8
8434,8
8435,8
8436,8
8437,8
8438,8
8439,8
8440,8
8441,8
8442,8
8443,8
8444,8
8445,8
8446,8
8447,8
8448,8
8449,8
8450,8
8451,8
8452,8
8453,8
8454,8
8455,8
8456,8
8457,8
8458,8
8459,8
8460,5
8461,8
8462,8
8463,8
8464,8
8465,3
8466,8
8467,8
8468,8
8469,8
8470,8
8471,8
8472,8
8473,8
8474,8
8475,8
8476,8
8477,8
8478,8
8479,8
8480,8
8481,8
8482,3
8483,8
8484,8
8485,8
8486,8
8487,8
8488,8
8489,8
8490,8
8491,8
8492,8
8493,8
8494,8
8495,8
8496,8
8497,8
8498,8
8499,8
8500,8
8501,8
8502,8
8503,3
8504,8
8505,8
8506,8
8507,8
8508,8
8509,8
8510,8
8511,8
8512,8
8513,8
8514,8
8515,8
8516,8
8517,8
8518,8
8519,8
8520,8
8521,8
8522,8
8523,8
8524,8
8525,8
8526,8
8527,8
8528,8
8529,8
8530,8
8531,8
8532,8
8533,8
8534,8
8535,8
8536,8
8537,5
8538,8
8539,8
8540,8
8541,8
8542,8
8543,8
8544,8
8545,8
8546,8
8547,8
8548,8
8549,8
8550,8
8551,8
8552,8
8553,8
8554,8
8555,8
8556,8
8557,8
8558,8
8559,8
8560,8
8561,8
8562,5
8563,8
8564,8
8565,8
8566,8
8567,8
8568,8
8569,8
8570,8
8571,8
8572,8
8573,8
8574,8
8575,8
8576,8
8577,8
8578,8
8579,8
8580,8
8581,8
8582,8
8583,8
8584,8
8585,8
8586,8
8587,8
8588,8
8589,8
8590,8
8591,8
8592,8
8593,8
8594,8
8595,8
8596,8
8597,8
8598,8
8599,8
8600,8
8601,8
8602,8
8603,8
8604,8
8605,8
8606,8
8607,3
8608,8
8609,8
8610,8
8611,8
8612,8
8613,8
8614,8
8615,8
8616,8
8617,8
8618,8
8619,8
8620,8
8621,8
8622,8
8623,8
8624,8
8625,8
8626,8
8627,8
8628,8
8629,8
8630,8
8631,8
8632,8
8633,8
8634,8
8635,8
8636,8
8637,8
8638,8
8639,8
8640,8
8641,8
8642,8
8643,5
8644,8
8645,8
8646,8
8647,8
8648,8
8649,5
8650,8
8651,8
8652,5
8653,8
8654,8
8655,8
8656,8
8657,8
8658,8
8659,8
8660,8
8661,8
8662,8
8663,8
8664,8
8665,8
8666,8
8667,8
8668,8
8669,8
8670,8
8671,8
8672,8
8673,8
8674,8
8675,8
8676,8
8677,8
8678,8
8679,8
8680,8
8681,8
8682,8
8683,8
8684,8
8685,8
8686,8
8687,8
8688,8
8689,8
8690,8
8691,8
8692,8
8693,8
8694,8
8695,8
8696,8
8697,8
8698,8
8699,8
8700,8
8701,8
8702,8
8703,8
8704,8
8705,8
8706,8
8707,8
8708,8
8709,8
8710,8
8711,8
8712,8
8713,8
8714,8
8715,8
8716,8
8717,8
8718,8
8719,8
8720,8
8721,8
8722,8
8723,8
8724,8
8725,3
8726,8
8727,8
8728,8
8729,8
8730,8
8731,8
8732,8
8733,8
8734,8
8735,8
8736,8
8737,8
8738,8
8739,8
8740,8
8741,8
8742,8
8743,8
8744,8
8745,8
8746,8
8747,8
8748,8
8749,8
8750,8
8751,8
8752,8
8753,8
8754,8
8755,8
8756,8
8757,8
8758,8
8759,8
8760,8
8761,8
8762,8
8763,8
8764,8
8765,8
8766,8
8767,8
8768,8
8769,8
8770,8
8771,8
8772,8
8773,8
8774,8
8775,3
8776,8
8777,8
8778,8
8779,8
8780,8
8781,8
8782,8
8783,8
8784,8
8785,8
8786,8
8787,8
8788,8
8789,8
8790,8
8791,8
8792,8
8793,8
8794,8
8795,8
8796,8
8797,8
8798,8
8799,8
8800,8
8801,8
8802,8
8803,8
8804,8
8805,8
8806,8
8807,8
8808,8
8809,8
8810,8
8811,8
8812,8
8813,8
8814,8
8815,8
8816,8
8817,8
8818,8
8819,8
8820,8
8821,8
8822,8
8823,8
8824,8
8825,8
8826,8
8827,8
8828,8
8829,8
8830,8
8831,8
8832,8
8833,8
8834,3
8835,8
8836,8
8837,8
8838,8
8839,8
8840,8
8841,8
8842,8
8843,8
8844,8
8845,8
8846,8
8847,8
8848,8
8849,8
8850,8
8851,8
8852,8
8853,8
8854,5
8855,8
8856,8
8857,8
8858,8
8859,8
8860,8
8861,8
8862,8
8863,8
8864,8
8865,8
8866,8
8867,8
8868,8
8869,8
8870,8
8871,8
8872,8
8873,8
8874,8
8875,8
8876,8
8877,8
8878,8
8879,8
8880,8
8881,8
8882,8
8883,8
8884,8
8885,8
8886,8
8887,8
8888,8
8889,8
8890,8
8891,8
8892,8
8893,8
8894,8
8895,8
8896,8
8897,8
8898,8
8899,8
8900,8
8901,8
8902,8
8903,8
8904,8
8905,8
8906,8
8907,8
8908,8
8909,8
8910,8
8911,8
8912,8
8913,8
8914,8
8915,8
8916,8
8917,8
8918,8
8919,8
8920,8
8921,8
8922,8
8923,8
8924,8
8925,8
8926,8
8927,8
8928,8
8929,8
8930,8
8931,8
8932,8
8933,8
8934,8
8935,8
8936,8
8937,8
8938,8
8939,8
8940,8
8941,8
8942,8
8943,8
8944,8
8945,8
8946,8
8947,8
8948,8
8949,8
8950,8
8951,8
8952,8
8953,8
8954,8
8955,5
8956,8
8957,8
8958,8
8959,8
8960,8
8961,8
8962,8
8963,8
8964,8
8965,8
8966,8
8967,8
8968,8
8969,8
8970,8
8971,8
8972,8
8973,8
8974,8
8975,8
8976,8
8977,8
8978,8
8979,8
8980,8
8981,8
8982,8
8983,8
8984,8
8985,8
8986,8
8987,8
8988,8
8989,8
8990,8
8991,8
8992,8
8993,8
8994,8
8995,8
8996,8
8997,8
8998,8
8999,8
9000,8
9001,3
9002,8
9003,3
9004,8
9005,5
9006,8
9007,3
9008,3
9009,3
9010,8
9011,8
9012,3
9013,5
9014,8
9015,5
9016,8
9017,3
9018,8
9019,8
9020,8
9021,5
9022,5
9023,8
9024,8
9025,5
9026,5
9027,3
9028,3
9029,8
9030,8
9031,8
9032,8
9033,5
9034,8
9035,5
9036,3
9037,3
9038,5
9039,5
9040,3
9041,8
9042,3
9043,3
9044,8
9045,8
9046,5
9047,5
9048,8
9049,8
9050,8
9051,8
9052,8
9053,8
9054,3
9055,3
9056,3
9057,5
9058,3
9059,3
9060,5
9061,8
9062,8
9063,8
9064,3
9065,8
9066,8
9067,8
9068,8
9069,3
9070,3
9071,5
9072,3
9073,3
9074,3
9075,8
9076,8
9077,8
9078,5
9079,8
9080,8
9081,3
9082,5
9083,5
9084,5
9085,3
9086,3
9087,8
9088,8
9089,5
9090,8
9091,8
9092,8
9093,8
9094,3
9095,8
9096,8
9097,5
9098,3
9099,8
9100,8
9101,8
9102,8
9103,8
9104,8
9105,3
9106,3
9107,3
9108,8
9109,8
9110,3
9111,5
9112,8
9113,5
9114,5
9115,3
9116,8
9117,3
9118,3
9119,8
9120,5
9121,5
9122,8
9123,3
9124,8
9125,8
9126,5
9127,3
9128,8
9129,8
9130,3
9131,8
9132,5
9133,8
9134,3
9135,5
9136,3
9137,5
9138,3
9139,5
9140,5
9141,3
9142,5
9143,8
9144,3
9145,8
9146,3
9147,3
9148,3
9149,3
9150,5
9151,8
9152,8
9153,8
9154,8
9155,3
9156,8
9157,3
9158,8
9159,3
9160,3
9161,8
9162,5
9163,8
9164,8
9165,3
9166,8
9167,5
9168,8
9169,5
9170,3
9171,8
9172,8
9173,3
9174,5
9175,3
9176,3
9177,8
9178,8
9179,5
9180,8
9181,5
9182,8
9183,8
9184,5
9185,3
9186,5
9187,8
9188,3
9189,5
9190,8
9191,8
9192,3
9193,8
9194,3
9195,3
9196,8
9197,5
9198,8
9199,8
9200,5
9201,3
9202,3
9203,3
9204,5
9205,8
9206,5
9207,3
9208,3
9209,8
9210,5
9211,3
9212,8
9213,3
9214,8
9215,3
9216,3
9217,8
9218,8
9219,8
9220,3
9221,8
9222,5
9223,3
9224,5
9225,8
9226,8
9227,8
9228,8
9229,8
9230,8
9231,3
9232,8
9233,3
9234,5
9235,3
9236,8
9237,3
9238,3
9239,3
9240,8
9241,8
9242,8
9243,8
9244,8
9245,8
9246,8
9247,8
9248,5
9249,3
9250,3
9251,8
9252,5
9253,3
9254,8
9255,3
9256,3
9257,5
9258,8
9259,5
9260,3
9261,8
9262,3
9263,8
9264,3
9265,8
9266,3
9267,8
9268,3
9269,8
9270,8
9271,3
9272,5
9273,5
9274,8
9275,3
9276,3
9277,3
9278,8
9279,8
9280,3
9281,8
9282,3
9283,5
9284,8
9285,8
9286,3
9287,8
9288,5
9289,8
9290,8
9291,5
9292,3
9293,8
9294,8
9295,8
9296,8
9297,8
9298,8
9299,8
9300,8
9301,5
9302,3
9303,3
9304,8
9305,8
9306,5
9307,5
9308,8
9309,8
9310,5
9311,5
9312,8
9313,8
9314,8
9315,3
9316,8
9317,5
9318,3
9319,8
9320,8
9321,8
9322,5
9323,5
9324,8
9325,3
9326,8
9327,5
9328,8
9329,5
9330,3
9331,8
9332,3
9333,3
9334,8
9335,3
9336,8
9337,8
9338,8
9339,3
9340,8
9341,3
9342,3
9343,5
9344,8
9345,5
9346,8
9347,5
9348,8
9349,3
9350,3
9351,5
9352,8
9353,3
9354,3
9355,8
9356,3
9357,8
9358,3
9359,3
9360,8
9361,3
9362,8
9363,8
9364,8
9365,3
9366,3
9367,8
9368,8
9369,8
9370,8
9371,8
9372,5
9373,8
9374,3
9375,5
9376,8
9377,8
9378,3
9379,3
9380,3
9381,8
9382,8
9383,5
9384,3
9385,5
9386,8
9387,5
9388,3
9389,8
9390,8
9391,8
9392,3
9393,5
9394,8
9395,3
9396,3
9397,8
9398,8
9399,8
9400,5
9401,8
9402,3
9403,8
9404,8
9405,8
9406,3
9407,5
9408,8
9409,3
9410,3
9411,3
9412,5
9413,8
9414,8
9415,5
9416,3
9417,8
9418,3
9419,3
9420,8
9421,8
9422,3
9423,5
9424,8
9425,3
9426,8
9427,5
9428,3
9429,3
9430,5
9431,3
9432,8
9433,3
9434,5
9435,3
9436,3
9437,8
9438,3
9439,3
9440,3
9441,5
9442,3
9443,5
9444,8
9445,8
9446,8
9447,8
9448,5
9449,8
9450,3
9451,3
9452,8
9453,8
9454,5
9455,8
9456,8
9457,8
9458,8
9459,3
9460,8
9461,5
9462,8
9463,3
9464,5
9465,8
9466,8
9467,3
9468,8
9469,5
9470,8
9471,3
9472,3
9473,8
9474,3
9475,3
9476,8
9477,8
9478,8
9479,3
9480,8
9481,5
9482,3
9483,3
9484,8
9485,3
9486,3
9487,5
9488,3
9489,3
9490,5
9491,8
9492,3
9493,8
9494,5
9495,3
9496,3
9497,3
9498,5
9499,5
9500,5
9501,8
9502,5
9503,3
9504,8
9505,8
9506,5
9507,8
9508,8
9509,8
9510,8
9511,8
9512,8
9513,3
9514,8
9515,8
9516,3
9517,3
9518,3
9519,5
9520,5
9521,8
9522,8
9523,8
9524,8
9525,5
9526,8
9527,8
9528,3
9529,8
9530,3
9531,8
9532,3
9533,3
9534,5
9535,8
9536,8
9537,8
9538,8
9539,3
9540,8
9541,8
9542,3
9543,3
9544,8
9545,3
9546,3
9547,3
9548,8
9549,8
9550,5
9551,3
9552,8
9553,3
9554,5
9555,3
9556,3
9557,3
9558,8
9559,8
9560,3
9561,3
9562,3
9563,3
9564,3
9565,8
9566,3
9567,8
9568,8
9569,5
9570,3
9571,3
9572,8
9573,8
9574,8
9575,5
9576,8
9577,3
9578,5
9579,8
9580,8
9581,5
9582,8
9583,3
9584,8
9585,3
9586,8
9587,8
9588,8
9589,8
9590,8
9591,8
9592,5
9593,8
9594,5
9595,3
9596,3
9597,8
9598,8
9599,3
9600,3
9601,5
9602,3
9603,5
9604,3
9605,3
9606,8
9607,5
9608,8
9609,8
9610,5
9611,5
9612,3
9613,3
9614,8
9615,8
9616,3
9617,8
9618,5
9619,5
9620,8
9621,3
9622,8
9623,3
9624,8
9625,5
9626,5
9627,3
9628,8
9629,5
9630,8
9631,5
9632,8
9633,3
9634,8
9635,3
9636,8
9637,8
9638,8
9639,5
9640,8
9641,5
9642,8
9643,8
9644,3
9645,8
9646,3
9647,8
9648,8
9649,8
9650,3
9651,5
9652,3
9653,5
9654,3
9655,3
9656,3
9657,3
9658,8
9659,8
9660,5
9661,5
9662,3
9663,8
9664,8
9665,8
9666,5
9667,8
9668,5
9669,8
9670,8
9671,8
9672,8
9673,8
9674,3
9675,8
9676,8
9677,5
9678,5
9679,5
9680,5
9681,3
9682,8
9683,8
9684,8
9685,8
9686,8
9687,3
9688,8
9689,8
9690,5
9691,8
9692,3
9693,3
9694,5
9695,5
9696,8
9697,8
9698,8
9699,5
9700,8
9701,3
9702,3
9703,3
9704,3
9705,8
9706,8
9707,8
9708,3
9709,8
9710,8
9711,5
9712,8
9713,3
9714,8
9715,8
9716,3
9717,3
9718,8
9719,8
9720,5
9721,8
9722,8
9723,5
9724,8
9725,3
9726,5
9727,8
9728,8
9729,8
9730,8
9731,3
9732,8
9733,5
9734,5
9735,3
9736,3
9737,8
9738,3
9739,8
9740,5
9741,8
9742,3
9743,8
9744,5
9745,3
9746,8
9747,5
9748,8
9749,3
9750,3
9751,5
9752,3
9753,3
9754,8
9755,8
9756,3
9757,3
9758,3
9759,3
9760,5
9761,8
9762,3
9763,8
9764,8
9765,8
9766,3
9767,8
9768,8
9769,8
9770,5
9771,3
9772,5
9773,8
9774,5
9775,8
9776,3
9777,8
9778,3
9779,8
9780,8
9781,8
9782,5
9783,8
9784,8
9785,5
9786,3
9787,8
9788,5
9789,3
9790,3
9791,8
9792,8
9793,8
9794,3
9795,3
9796,8
9797,3
9798,8
9799,8
9800,5
9801,8
9802,3
9803,8
9804,3
9805,3
9806,3
9807,8
9808,8
9809,8
9810,3
9811,8
9812,8
9813,3
9814,8
9815,3
9816,8
9817,8
9818,5
9819,8
9820,3
9821,3
9822,8
9823,5
9824,3
9825,3
9826,3
9827,5
9828,3
9829,3
9830,8
9831,3
9832,8
9833,8
9834,8
9835,8
9836,3
9837,8
9838,8
9839,8
9840,3
9841,8
9842,8
9843,8
9844,5
9845,3
9846,5
9847,8
9848,5
9849,3
9850,5
9851,8
9852,8
9853,8
9854,8
9855,5
9856,5
9857,8
9858,8
9859,5
9860,3
9861,8
9862,8
9863,8
9864,3
9865,3
9866,5
9867,8
9868,3
9869,8
9870,5
9871,8
9872,8
9873,8
9874,8
9875,3
9876,3
9877,8
9878,8
9879,8
9880,8
9881,3
9882,8
9883,8
9884,3
9885,5
9886,3
9887,3
9888,3
9889,3
9890,3
9891,8
9892,8
9893,3
9894,5
9895,8
9896,8
9897,5
9898,8
9899,8
9900,8
9901,3
9902,8
9903,8
9904,3
9905,3
9906,3
9907,5
9908,8
9909,3
9910,8
9911,8
9912,8
9913,3
9914,3
9915,3
9916,8
9917,8
9918,3
9919,8
9920,3
9921,8
9922,8
9923,8
9924,8
9925,3
9926,5
9927,8
9928,5
9929,8
9930,8
9931,8
9932,8
9933,8
9934,8
9935,8
9936,3
9937,5
9938,8
9939,3
9940,3
9941,5
9942,8
9943,8
9944,3
9945,8
9946,8
9947,8
9948,5
9949,8
9950,8
9951,5
9952,3
9953,5
9954,3
9955,8
9956,3
9957,8
9958,3
9959,5
9960,3
9961,8
9962,3
9963,8
9964,8
9965,5
9966,3
9967,8
9968,5
9969,8
9970,5
9971,8
9972,8
9973,3
9974,8
9975,8
9976,8
9977,8
9978,8
9979,8
9980,5
9981,5
9982,3
9983,8
9984,3
9985,8
9986,8
9987,3
9988,3
9989,5
9990,5
9991,3
9992,3
9993,3
9994,3
9995,3
9996,8
9997,8
9998,3
9999,8
10000,5
